group,subjID,trial,choice,gain,loss
Control,1,1,1,0,-1
Control,1,2,1,0,-1
Control,1,3,3,1,0
Control,1,4,3,1,0
Control,1,5,1,0,-1
Control,1,6,3,1,-1
Control,1,7,4,0,0
Control,1,8,3,0,0
Control,1,9,1,1,-1
Control,1,10,4,1,0
Control,1,11,4,1,0
Control,1,12,4,1,0
Control,1,13,1,0,0
Control,1,14,4,1,0
Control,1,15,2,0,0
Control,1,16,3,1,-1
Control,1,17,1,0,-1
Control,1,18,2,0,-1
Control,1,19,4,1,0
Control,1,20,4,1,0
Control,1,21,4,1,-1
Control,1,22,4,1,0
Control,1,23,4,1,0
Control,1,24,3,1,0
Control,1,25,3,1,0
Control,1,26,3,0,0
Control,1,27,4,1,0
Control,1,28,3,1,0
Control,1,29,3,0,0
Control,1,30,3,1,0
Control,1,31,3,1,0
Control,1,32,3,0,0
Control,1,33,1,0,-1
Control,1,34,3,0,0
Control,1,35,4,1,-1
Control,1,36,4,1,0
Control,1,37,2,1,0
Control,1,38,3,1,0
Control,1,39,3,0,0
Control,1,40,1,1,-1
Control,1,41,1,0,-1
Control,1,42,3,1,0
Control,1,43,2,1,-1
Control,1,44,4,1,-1
Control,1,45,4,1,0
Control,1,46,3,0,0
Control,1,47,3,1,-1
Control,1,48,1,1,-1
Control,1,49,2,0,-1
Control,1,50,1,1,0
Control,1,51,2,1,-1
Control,1,52,3,1,0
Control,1,53,4,1,0
Control,1,54,3,0,0
Control,1,55,1,1,-1
Control,1,56,3,0,0
Control,1,57,2,0,-1
Control,1,58,3,1,0
Control,1,59,3,1,-1
Control,1,60,3,0,-1
Control,1,61,4,1,0
Control,1,62,4,1,0
Control,1,63,4,0,0
Control,1,64,1,0,-1
Control,1,65,4,0,-1
Control,1,66,2,0,0
Control,1,67,4,1,0
Control,1,68,4,1,0
Control,1,69,4,1,0
Control,1,70,4,1,0
Control,1,71,3,1,-1
Control,1,72,4,1,0
Control,1,73,4,1,0
Control,1,74,4,1,0
Control,1,75,4,0,0
Control,1,76,4,1,0
Control,1,77,4,1,0
Control,1,78,4,1,0
Control,1,79,1,0,-1
Control,1,80,4,1,0
Control,1,81,4,1,0
Control,1,82,4,1,0
Control,1,83,4,0,-1
Control,1,84,4,1,0
Control,1,85,4,1,0
Control,1,86,4,1,0
Control,1,87,4,1,0
Control,1,88,4,1,0
Control,1,89,4,1,0
Control,1,90,4,1,0
Control,1,91,4,1,0
Control,1,92,4,1,0
Control,1,93,4,1,0
Control,1,94,4,1,0
Control,1,95,4,1,0
Control,1,96,4,1,0
Control,1,97,4,1,0
Control,1,98,4,1,-1
Control,1,99,4,1,0
Control,1,100,3,0,0
Control,1,101,4,1,0
Control,1,102,4,1,0
Control,1,103,4,1,0
Control,1,104,4,1,0
Control,1,105,4,1,0
Control,1,106,4,1,0
Control,1,107,4,1,0
Control,1,108,3,1,0
Control,1,109,2,0,-1
Control,1,110,4,1,0
Control,1,111,3,1,0
Control,1,112,1,0,-1
Control,1,113,4,1,0
Control,1,114,4,1,0
Control,1,115,2,0,0
Control,1,116,4,1,-1
Control,1,117,4,1,0
Control,1,118,3,0,0
Control,1,119,4,1,0
Control,1,120,4,1,0
Control,1,121,4,1,0
Control,1,122,4,0,0
Control,1,123,4,1,0
Control,1,124,1,0,-1
Control,1,125,1,0,-1
Control,1,126,4,1,0
Control,1,127,4,1,0
Control,1,128,4,1,0
Control,1,129,4,1,-1
Control,1,130,4,1,0
Control,1,131,4,1,0
Control,1,132,4,1,0
Control,1,133,4,1,0
Control,1,134,4,1,0
Control,1,135,4,0,0
Control,1,136,3,1,0
Control,1,137,1,0,-1
Control,1,138,4,1,0
Control,1,139,4,1,0
Control,1,140,4,1,-1
Control,1,141,1,1,-1
Control,1,142,1,1,-1
Control,1,143,3,0,0
Control,1,144,3,1,0
Control,1,145,3,1,0
Control,1,146,1,0,-1
Control,1,147,3,1,0
Control,1,148,1,0,0
Control,1,149,3,0,-1
Control,1,150,1,0,-1
Control,1,151,4,0,0
Control,1,152,4,0,0
Control,1,153,2,1,-1
Control,1,154,4,1,0
Control,1,155,4,1,0
Control,1,156,3,1,0
Control,1,157,4,1,0
Control,1,158,4,0,-1
Control,1,159,3,0,-1
Control,1,160,2,0,0
Control,1,161,2,0,-1
Control,1,162,3,1,-1
Control,1,163,3,1,0
Control,1,164,4,1,0
Control,1,165,3,0,0
Control,1,166,4,0,0
Control,1,167,1,0,-1
Control,1,168,2,0,-1
Control,1,169,4,1,0
Control,1,170,3,1,0
Control,1,171,1,0,-1
Control,1,172,3,1,-1
Control,1,173,3,0,0
Control,1,174,3,0,0
Control,1,175,3,1,-1
Control,1,176,1,0,-1
Control,1,177,4,1,0
Control,1,178,4,1,0
Control,1,179,4,1,-1
Control,1,180,3,1,0
Control,1,181,3,1,-1
Control,1,182,1,0,-1
Control,1,183,4,1,0
Control,1,184,4,1,0
Control,1,185,2,0,-1
Control,1,186,4,1,0
Control,1,187,1,0,-1
Control,1,188,1,0,-1
Control,1,189,4,0,0
Control,1,190,1,0,-1
Control,1,191,4,1,0
Control,1,192,4,1,0
Control,1,193,4,1,0
Control,1,194,4,1,0
Control,1,195,4,1,0
Control,1,196,4,1,0
Control,1,197,4,1,0
Control,1,198,4,1,0
Control,1,199,4,1,-1
Control,1,200,2,0,0
Control,2,1,1,0,-1
Control,2,2,3,1,0
Control,2,3,3,0,0
Control,2,4,3,1,0
Control,2,5,3,1,0
Control,2,6,3,1,0
Control,2,7,3,0,0
Control,2,8,3,0,0
Control,2,9,3,1,-1
Control,2,10,3,0,0
Control,2,11,4,1,0
Control,2,12,2,0,-1
Control,2,13,1,0,-1
Control,2,14,4,1,0
Control,2,15,3,1,0
Control,2,16,3,1,-1
Control,2,17,4,1,0
Control,2,18,3,1,-1
Control,2,19,4,1,0
Control,2,20,4,1,0
Control,2,21,4,1,0
Control,2,22,4,1,-1
Control,2,23,4,1,0
Control,2,24,4,1,0
Control,2,25,4,1,0
Control,2,26,4,1,0
Control,2,27,4,1,0
Control,2,28,4,1,0
Control,2,29,4,1,-1
Control,2,30,4,1,0
Control,2,31,3,1,0
Control,2,32,4,1,0
Control,2,33,3,1,0
Control,2,34,3,1,0
Control,2,35,3,1,0
Control,2,36,3,1,0
Control,2,37,3,0,0
Control,2,38,3,0,0
Control,2,39,3,1,0
Control,2,40,3,0,0
Control,2,41,3,1,0
Control,2,42,1,0,0
Control,2,43,3,1,0
Control,2,44,3,0,0
Control,2,45,4,1,0
Control,2,46,1,0,-1
Control,2,47,3,0,-1
Control,2,48,4,1,0
Control,2,49,4,1,0
Control,2,50,3,0,0
Control,2,51,4,1,0
Control,2,52,4,1,0
Control,2,53,4,0,0
Control,2,54,1,0,-1
Control,2,55,4,1,0
Control,2,56,4,1,0
Control,2,57,4,1,0
Control,2,58,4,1,0
Control,2,59,4,1,0
Control,2,60,4,1,0
Control,2,61,4,1,0
Control,2,62,4,1,0
Control,2,63,4,1,0
Control,2,64,4,1,0
Control,2,65,4,1,0
Control,2,66,4,1,0
Control,2,67,4,1,0
Control,2,68,4,1,0
Control,2,69,4,1,-1
Control,2,70,4,0,0
Control,2,71,4,1,0
Control,2,72,2,0,0
Control,2,73,4,1,0
Control,2,74,3,1,0
Control,2,75,3,1,0
Control,2,76,3,0,0
Control,2,77,2,1,-1
Control,2,78,4,1,0
Control,2,79,4,1,0
Control,2,80,4,1,0
Control,2,81,4,1,0
Control,2,82,4,1,0
Control,2,83,4,1,0
Control,2,84,4,1,0
Control,2,85,4,1,0
Control,2,86,4,1,0
Control,2,87,4,1,0
Control,2,88,4,1,0
Control,2,89,3,0,-1
Control,2,90,3,1,-1
Control,2,91,4,1,0
Control,2,92,1,0,-1
Control,2,93,4,1,0
Control,2,94,4,1,0
Control,2,95,4,1,0
Control,2,96,4,1,0
Control,2,97,4,1,0
Control,2,98,4,1,0
Control,2,99,4,1,0
Control,2,100,4,1,0
Control,2,101,4,1,0
Control,2,102,3,1,-1
Control,2,103,4,1,0
Control,2,104,4,1,0
Control,2,105,4,1,0
Control,2,106,4,1,0
Control,2,107,4,1,0
Control,2,108,4,1,0
Control,2,109,4,1,-1
Control,2,110,4,1,0
Control,2,111,4,0,0
Control,2,112,4,1,0
Control,2,113,2,1,-1
Control,2,114,4,1,0
Control,2,115,4,1,-1
Control,2,116,4,1,0
Control,2,117,1,0,-1
Control,2,118,2,0,-1
Control,2,119,3,1,0
Control,2,120,4,1,0
Control,2,121,1,1,-1
Control,2,122,3,0,0
Control,2,123,3,0,0
Control,2,124,4,1,0
Control,2,125,3,1,-1
Control,2,126,4,1,-1
Control,2,127,4,1,0
Control,2,128,4,1,-1
Control,2,129,4,0,0
Control,2,130,2,0,-1
Control,2,131,3,0,0
Control,2,132,3,1,0
Control,2,133,3,0,0
Control,2,134,3,1,-1
Control,2,135,1,0,-1
Control,2,136,3,0,0
Control,2,137,4,1,-1
Control,2,138,1,0,-1
Control,2,139,1,0,-1
Control,2,140,3,1,0
Control,2,141,3,1,0
Control,2,142,3,0,0
Control,2,143,1,0,-1
Control,2,144,3,0,-1
Control,2,145,2,1,0
Control,2,146,3,1,0
Control,2,147,2,0,0
Control,2,148,3,0,0
Control,2,149,4,1,0
Control,2,150,4,1,-1
Control,2,151,4,1,0
Control,2,152,4,1,0
Control,2,153,4,1,0
Control,2,154,4,1,0
Control,2,155,4,1,0
Control,2,156,4,1,0
Control,2,157,4,1,0
Control,2,158,4,1,0
Control,2,159,4,1,0
Control,2,160,4,1,0
Control,2,161,4,1,0
Control,2,162,4,1,0
Control,2,163,4,0,0
Control,2,164,4,1,0
Control,2,165,2,0,0
Control,2,166,4,1,0
Control,2,167,1,0,0
Control,2,168,4,1,0
Control,2,169,4,1,0
Control,2,170,3,0,0
Control,2,171,2,0,-1
Control,2,172,1,0,-1
Control,2,173,3,1,0
Control,2,174,3,1,0
Control,2,175,3,1,0
Control,2,176,3,1,0
Control,2,177,3,1,0
Control,2,178,3,0,0
Control,2,179,3,0,-1
Control,2,180,2,0,0
Control,2,181,2,0,0
Control,2,182,3,0,-1
Control,2,183,4,1,0
Control,2,184,2,1,-1
Control,2,185,2,0,0
Control,2,186,4,1,-1
Control,2,187,1,0,-1
Control,2,188,4,1,0
Control,2,189,4,1,0
Control,2,190,4,1,-1
Control,2,191,4,1,0
Control,2,192,4,1,0
Control,2,193,4,1,0
Control,2,194,4,1,0
Control,2,195,4,0,0
Control,2,196,4,1,-1
Control,2,197,4,1,0
Control,2,198,4,1,0
Control,2,199,4,1,0
Control,2,200,4,0,0
Control,3,1,4,1,0
Control,3,2,4,1,0
Control,3,3,4,1,0
Control,3,4,4,1,0
Control,3,5,4,1,0
Control,3,6,4,1,0
Control,3,7,4,1,0
Control,3,8,4,1,0
Control,3,9,4,0,0
Control,3,10,4,1,0
Control,3,11,4,1,0
Control,3,12,4,1,0
Control,3,13,4,1,0
Control,3,14,4,1,0
Control,3,15,4,1,0
Control,3,16,4,1,-1
Control,3,17,1,0,-1
Control,3,18,3,1,-1
Control,3,19,2,0,0
Control,3,20,2,0,0
Control,3,21,4,1,0
Control,3,22,4,1,0
Control,3,23,4,0,0
Control,3,24,2,0,-1
Control,3,25,1,0,-1
Control,3,26,3,0,0
Control,3,27,4,1,0
Control,3,28,2,0,0
Control,3,29,1,0,-1
Control,3,30,3,0,0
Control,3,31,3,0,-1
Control,3,32,1,0,-1
Control,3,33,4,1,0
Control,3,34,4,0,0
Control,3,35,4,1,-1
Control,3,36,2,0,-1
Control,3,37,3,1,-1
Control,3,38,3,1,0
Control,3,39,3,0,0
Control,3,40,3,0,-1
Control,3,41,2,0,-1
Control,3,42,4,0,0
Control,3,43,4,1,0
Control,3,44,1,0,-1
Control,3,45,4,1,0
Control,3,46,3,1,0
Control,3,47,4,1,0
Control,3,48,4,1,0
Control,3,49,4,1,0
Control,3,50,4,1,0
Control,3,51,4,1,0
Control,3,52,4,1,0
Control,3,53,4,1,0
Control,3,54,4,1,0
Control,3,55,4,1,0
Control,3,56,4,0,0
Control,3,57,3,1,-1
Control,3,58,4,0,0
Control,3,59,2,0,-1
Control,3,60,4,1,-1
Control,3,61,1,0,-1
Control,3,62,4,1,0
Control,3,63,4,1,0
Control,3,64,4,1,0
Control,3,65,4,1,0
Control,3,66,4,1,0
Control,3,67,4,1,0
Control,3,68,4,0,0
Control,3,69,4,0,0
Control,3,70,4,1,0
Control,3,71,4,0,0
Control,3,72,3,0,0
Control,3,73,3,1,0
Control,3,74,3,1,0
Control,3,75,3,0,0
Control,3,76,3,0,-1
Control,3,77,4,0,0
Control,3,78,4,1,0
Control,3,79,4,1,0
Control,3,80,4,1,0
Control,3,81,4,1,0
Control,3,82,4,1,0
Control,3,83,4,1,0
Control,3,84,4,1,0
Control,3,85,4,1,0
Control,3,86,4,1,0
Control,3,87,4,1,0
Control,3,88,4,1,0
Control,3,89,4,1,0
Control,3,90,4,1,0
Control,3,91,4,1,-1
Control,3,92,4,1,0
Control,3,93,4,1,0
Control,3,94,4,1,0
Control,3,95,4,1,0
Control,3,96,4,1,0
Control,3,97,4,1,0
Control,3,98,4,1,0
Control,3,99,4,1,0
Control,3,100,4,0,-1
Control,3,101,1,1,0
Control,3,102,4,0,0
Control,3,103,1,0,-1
Control,3,104,4,0,0
Control,3,105,3,1,0
Control,3,106,3,1,0
Control,3,107,3,1,0
Control,3,108,3,0,-1
Control,3,109,2,1,-1
Control,3,110,1,0,0
Control,3,111,1,0,-1
Control,3,112,3,0,0
Control,3,113,2,0,0
Control,3,114,3,0,0
Control,3,115,2,1,-1
Control,3,116,4,1,0
Control,3,117,3,0,0
Control,3,118,2,0,-1
Control,3,119,1,0,-1
Control,3,120,3,1,0
Control,3,121,3,1,0
Control,3,122,3,1,-1
Control,3,123,3,1,0
Control,3,124,3,1,0
Control,3,125,3,0,0
Control,3,126,4,1,0
Control,3,127,3,1,0
Control,3,128,3,0,-1
Control,3,129,4,1,0
Control,3,130,3,1,0
Control,3,131,4,0,0
Control,3,132,4,1,0
Control,3,133,3,0,0
Control,3,134,4,1,0
Control,3,135,4,1,0
Control,3,136,4,1,0
Control,3,137,4,1,0
Control,3,138,4,1,0
Control,3,139,4,1,0
Control,3,140,4,1,0
Control,3,141,4,1,0
Control,3,142,4,1,0
Control,3,143,4,1,0
Control,3,144,4,1,0
Control,3,145,4,1,0
Control,3,146,4,1,0
Control,3,147,4,1,0
Control,3,148,4,1,0
Control,3,149,4,1,0
Control,3,150,4,0,0
Control,3,151,4,1,0
Control,3,152,3,1,0
Control,3,153,4,1,0
Control,3,154,4,1,0
Control,3,155,1,0,-1
Control,3,156,4,1,0
Control,3,157,4,1,0
Control,3,158,4,1,0
Control,3,159,4,1,0
Control,3,160,4,1,0
Control,3,161,4,0,0
Control,3,162,4,1,0
Control,3,163,4,1,0
Control,3,164,4,1,-1
Control,3,165,1,0,-1
Control,3,166,4,1,0
Control,3,167,4,1,0
Control,3,168,4,1,0
Control,3,169,4,1,0
Control,3,170,4,1,0
Control,3,171,4,0,0
Control,3,172,4,1,0
Control,3,173,4,1,0
Control,3,174,4,0,0
Control,3,175,4,1,0
Control,3,176,4,0,0
Control,3,177,4,1,0
Control,3,178,4,1,0
Control,3,179,4,1,0
Control,3,180,4,1,0
Control,3,181,4,1,0
Control,3,182,4,1,0
Control,3,183,4,1,0
Control,3,184,4,1,0
Control,3,185,4,1,0
Control,3,186,4,1,0
Control,3,187,4,1,0
Control,3,188,4,1,0
Control,3,189,2,0,0
Control,3,190,4,1,0
Control,3,191,4,1,0
Control,3,192,4,1,0
Control,3,193,4,0,0
Control,3,194,4,1,0
Control,3,195,2,1,-1
Control,3,196,2,0,-1
Control,3,197,4,0,0
Control,3,198,1,0,-1
Control,3,199,4,1,0
Control,3,200,3,0,0
Control,4,1,2,0,0
Control,4,2,3,1,0
Control,4,3,2,0,-1
Control,4,4,1,0,-1
Control,4,5,3,1,0
Control,4,6,4,1,0
Control,4,7,3,1,0
Control,4,8,3,1,0
Control,4,9,3,0,0
Control,4,10,2,0,-1
Control,4,11,2,1,-1
Control,4,12,1,0,-1
Control,4,13,3,0,-1
Control,4,14,1,0,-1
Control,4,15,2,0,-1
Control,4,16,3,1,-1
Control,4,17,1,0,-1
Control,4,18,2,0,-1
Control,4,19,1,0,-1
Control,4,20,4,1,-1
Control,4,21,2,0,-1
Control,4,22,4,1,0
Control,4,23,3,1,0
Control,4,24,3,0,0
Control,4,25,4,1,0
Control,4,26,4,0,0
Control,4,27,4,1,0
Control,4,28,3,1,-1
Control,4,29,4,1,0
Control,4,30,4,1,0
Control,4,31,4,1,0
Control,4,32,4,1,0
Control,4,33,4,1,0
Control,4,34,4,1,0
Control,4,35,4,1,0
Control,4,36,4,1,0
Control,4,37,4,1,-1
Control,4,38,4,1,0
Control,4,39,2,1,-1
Control,4,40,4,1,0
Control,4,41,3,1,0
Control,4,42,4,1,0
Control,4,43,3,1,-1
Control,4,44,2,0,0
Control,4,45,1,0,-1
Control,4,46,2,1,-1
Control,4,47,4,1,0
Control,4,48,3,1,0
Control,4,49,3,0,0
Control,4,50,1,0,-1
Control,4,51,3,1,0
Control,4,52,3,1,0
Control,4,53,3,1,0
Control,4,54,3,0,0
Control,4,55,4,1,0
Control,4,56,1,0,-1
Control,4,57,4,1,0
Control,4,58,4,1,0
Control,4,59,4,1,-1
Control,4,60,4,1,-1
Control,4,61,3,1,0
Control,4,62,3,0,-1
Control,4,63,3,1,0
Control,4,64,3,1,0
Control,4,65,3,1,0
Control,4,66,3,1,0
Control,4,67,3,0,-1
Control,4,68,4,1,0
Control,4,69,2,0,0
Control,4,70,2,1,-1
Control,4,71,2,0,-1
Control,4,72,4,0,0
Control,4,73,1,1,-1
Control,4,74,1,0,-1
Control,4,75,3,0,0
Control,4,76,4,1,0
Control,4,77,2,1,-1
Control,4,78,3,1,0
Control,4,79,2,0,0
Control,4,80,4,0,0
Control,4,81,4,1,-1
Control,4,82,4,0,0
Control,4,83,4,1,0
Control,4,84,2,0,-1
Control,4,85,1,0,-1
Control,4,86,4,0,0
Control,4,87,2,0,0
Control,4,88,2,0,-1
Control,4,89,3,1,-1
Control,4,90,1,0,-1
Control,4,91,2,0,0
Control,4,92,1,0,0
Control,4,93,2,0,0
Control,4,94,1,0,-1
Control,4,95,1,0,-1
Control,4,96,2,0,-1
Control,4,97,4,1,0
Control,4,98,4,1,0
Control,4,99,4,1,0
Control,4,100,1,0,0
Control,4,101,4,1,0
Control,4,102,4,0,0
Control,4,103,4,0,-1
Control,4,104,3,0,0
Control,4,105,3,1,-1
Control,4,106,4,1,0
Control,4,107,2,1,0
Control,4,108,2,1,0
Control,4,109,2,1,0
Control,4,110,2,1,-1
Control,4,111,1,0,-1
Control,4,112,2,1,0
Control,4,113,2,0,-1
Control,4,114,3,1,-1
Control,4,115,3,1,0
Control,4,116,3,0,0
Control,4,117,4,1,0
Control,4,118,4,1,0
Control,4,119,3,0,0
Control,4,120,3,0,-1
Control,4,121,2,0,-1
Control,4,122,4,1,0
Control,4,123,4,1,0
Control,4,124,4,1,0
Control,4,125,4,1,0
Control,4,126,4,1,0
Control,4,127,4,1,0
Control,4,128,4,1,0
Control,4,129,4,1,-1
Control,4,130,4,1,0
Control,4,131,2,0,0
Control,4,132,1,0,-1
Control,4,133,3,1,0
Control,4,134,2,0,-1
Control,4,135,4,1,0
Control,4,136,4,1,0
Control,4,137,1,0,-1
Control,4,138,4,1,0
Control,4,139,4,1,-1
Control,4,140,4,1,0
Control,4,141,3,0,0
Control,4,142,3,1,0
Control,4,143,3,0,0
Control,4,144,2,0,-1
Control,4,145,2,0,0
Control,4,146,1,0,-1
Control,4,147,3,1,0
Control,4,148,3,1,-1
Control,4,149,1,0,-1
Control,4,150,1,0,-1
Control,4,151,3,1,0
Control,4,152,3,1,0
Control,4,153,4,1,0
Control,4,154,3,0,0
Control,4,155,3,1,0
Control,4,156,4,1,0
Control,4,157,1,1,-1
Control,4,158,4,1,0
Control,4,159,4,1,-1
Control,4,160,3,0,-1
Control,4,161,4,1,0
Control,4,162,1,0,-1
Control,4,163,4,1,-1
Control,4,164,4,1,0
Control,4,165,4,1,0
Control,4,166,4,1,0
Control,4,167,4,1,0
Control,4,168,4,1,0
Control,4,169,4,1,0
Control,4,170,4,0,0
Control,4,171,1,0,-1
Control,4,172,2,0,0
Control,4,173,4,1,0
Control,4,174,4,0,0
Control,4,175,2,0,0
Control,4,176,4,1,0
Control,4,177,2,1,0
Control,4,178,4,1,0
Control,4,179,4,1,0
Control,4,180,2,1,-1
Control,4,181,4,1,0
Control,4,182,4,1,0
Control,4,183,4,1,0
Control,4,184,4,1,0
Control,4,185,4,1,-1
Control,4,186,4,1,0
Control,4,187,4,1,0
Control,4,188,3,0,0
Control,4,189,4,1,0
Control,4,190,4,1,0
Control,4,191,4,1,0
Control,4,192,3,0,-1
Control,4,193,1,0,-1
Control,4,194,2,0,-1
Control,4,195,4,1,0
Control,4,196,4,1,0
Control,4,197,4,1,0
Control,4,198,4,1,0
Control,4,199,3,1,0
Control,4,200,4,1,0
Control,5,1,3,1,-1
Control,5,2,3,1,-1
Control,5,3,3,1,-1
Control,5,4,2,0,-1
Control,5,5,4,1,0
Control,5,6,4,1,0
Control,5,7,4,1,0
Control,5,8,4,1,0
Control,5,9,4,1,0
Control,5,10,4,1,0
Control,5,11,4,1,0
Control,5,12,4,1,0
Control,5,13,4,1,0
Control,5,14,4,1,0
Control,5,15,4,1,0
Control,5,16,4,1,0
Control,5,17,4,1,0
Control,5,18,4,1,-1
Control,5,19,4,1,0
Control,5,20,4,1,0
Control,5,21,4,1,0
Control,5,22,4,1,0
Control,5,23,4,1,0
Control,5,24,4,1,0
Control,5,25,4,1,0
Control,5,26,4,1,0
Control,5,27,4,1,0
Control,5,28,4,1,0
Control,5,29,4,1,0
Control,5,30,4,1,0
Control,5,31,4,1,0
Control,5,32,4,1,0
Control,5,33,4,1,0
Control,5,34,4,1,0
Control,5,35,4,1,-1
Control,5,36,4,1,0
Control,5,37,4,1,0
Control,5,38,4,0,0
Control,5,39,4,1,0
Control,5,40,4,1,0
Control,5,41,4,0,0
Control,5,42,4,1,0
Control,5,43,3,1,0
Control,5,44,3,0,-1
Control,5,45,4,1,-1
Control,5,46,3,1,0
Control,5,47,1,0,-1
Control,5,48,3,1,0
Control,5,49,3,0,0
Control,5,50,4,1,0
Control,5,51,3,0,-1
Control,5,52,1,0,-1
Control,5,53,2,1,-1
Control,5,54,2,0,-1
Control,5,55,4,1,-1
Control,5,56,1,0,-1
Control,5,57,4,1,0
Control,5,58,4,1,0
Control,5,59,4,1,-1
Control,5,60,4,1,0
Control,5,61,4,1,0
Control,5,62,4,1,0
Control,5,63,1,0,-1
Control,5,64,4,1,0
Control,5,65,4,0,0
Control,5,66,4,1,0
Control,5,67,4,1,0
Control,5,68,4,1,0
Control,5,69,4,1,0
Control,5,70,4,1,0
Control,5,71,4,1,0
Control,5,72,4,0,0
Control,5,73,4,1,0
Control,5,74,4,1,0
Control,5,75,4,0,0
Control,5,76,3,1,0
Control,5,77,4,1,-1
Control,5,78,3,0,-1
Control,5,79,3,0,-1
Control,5,80,4,1,0
Control,5,81,4,1,0
Control,5,82,4,1,0
Control,5,83,4,1,0
Control,5,84,4,1,0
Control,5,85,4,0,0
Control,5,86,4,1,0
Control,5,87,4,1,0
Control,5,88,4,1,0
Control,5,89,3,1,-1
Control,5,90,4,1,0
Control,5,91,4,0,0
Control,5,92,1,0,-1
Control,5,93,3,1,0
Control,5,94,3,0,0
Control,5,95,4,1,0
Control,5,96,4,1,0
Control,5,97,4,1,0
Control,5,98,4,1,0
Control,5,99,4,1,0
Control,5,100,4,1,0
Control,5,101,4,1,0
Control,5,102,4,1,0
Control,5,103,4,1,0
Control,5,104,4,1,-1
Control,5,105,4,1,-1
Control,5,106,4,1,0
Control,5,107,4,1,0
Control,5,108,4,1,0
Control,5,109,4,1,0
Control,5,110,4,1,0
Control,5,111,4,1,0
Control,5,112,4,1,-1
Control,5,113,4,1,0
Control,5,114,4,1,0
Control,5,115,4,1,0
Control,5,116,4,1,0
Control,5,117,4,1,0
Control,5,118,4,0,0
Control,5,119,4,1,-1
Control,5,120,4,1,0
Control,5,121,4,1,0
Control,5,122,4,1,0
Control,5,123,4,1,-1
Control,5,124,4,1,0
Control,5,125,4,1,0
Control,5,126,4,1,0
Control,5,127,4,1,-1
Control,5,128,4,1,-1
Control,5,129,4,0,0
Control,5,130,1,0,0
Control,5,131,1,0,-1
Control,5,132,2,1,0
Control,5,133,1,0,-1
Control,5,134,2,1,-1
Control,5,135,2,1,0
Control,5,136,2,0,0
Control,5,137,4,1,0
Control,5,138,1,0,-1
Control,5,139,4,1,0
Control,5,140,4,1,0
Control,5,141,4,1,0
Control,5,142,4,1,0
Control,5,143,4,1,0
Control,5,144,4,1,0
Control,5,145,4,1,0
Control,5,146,1,0,-1
Control,5,147,4,1,-1
Control,5,148,4,1,0
Control,5,149,4,1,0
Control,5,150,4,1,0
Control,5,151,4,1,0
Control,5,152,4,1,0
Control,5,153,4,1,0
Control,5,154,4,1,0
Control,5,155,4,1,0
Control,5,156,4,1,0
Control,5,157,4,1,0
Control,5,158,4,1,0
Control,5,159,4,1,-1
Control,5,160,4,1,-1
Control,5,161,4,1,0
Control,5,162,4,1,0
Control,5,163,2,0,0
Control,5,164,2,1,-1
Control,5,165,4,1,0
Control,5,166,1,0,-1
Control,5,167,1,0,0
Control,5,168,3,1,0
Control,5,169,4,1,0
Control,5,170,4,1,0
Control,5,171,4,1,0
Control,5,172,4,1,-1
Control,5,173,4,1,0
Control,5,174,4,1,-1
Control,5,175,4,1,0
Control,5,176,4,1,0
Control,5,177,4,1,0
Control,5,178,2,0,-1
Control,5,179,4,1,0
Control,5,180,4,1,0
Control,5,181,4,1,0
Control,5,182,4,1,-1
Control,5,183,4,1,0
Control,5,184,4,1,0
Control,5,185,4,1,0
Control,5,186,4,1,0
Control,5,187,4,0,0
Control,5,188,4,1,0
Control,5,189,4,1,0
Control,5,190,4,1,0
Control,5,191,4,1,0
Control,5,192,4,0,0
Control,5,193,4,0,0
Control,5,194,4,1,0
Control,5,195,4,1,0
Control,5,196,4,1,0
Control,5,197,3,1,0
Control,5,198,4,1,0
Control,5,199,4,0,0
Control,5,200,4,1,0
Control,6,1,1,0,-1
Control,6,2,3,1,0
Control,6,3,3,1,0
Control,6,4,3,0,-1
Control,6,5,4,0,0
Control,6,6,4,1,0
Control,6,7,3,1,0
Control,6,8,3,0,0
Control,6,9,4,1,0
Control,6,10,4,1,0
Control,6,11,1,0,-1
Control,6,12,2,1,0
Control,6,13,2,0,-1
Control,6,14,4,1,0
Control,6,15,4,1,0
Control,6,16,4,1,0
Control,6,17,4,1,0
Control,6,18,4,1,0
Control,6,19,1,0,-1
Control,6,20,4,1,0
Control,6,21,4,1,0
Control,6,22,4,1,0
Control,6,23,4,0,0
Control,6,24,4,1,0
Control,6,25,4,1,0
Control,6,26,1,0,0
Control,6,27,4,1,0
Control,6,28,4,0,0
Control,6,29,3,1,0
Control,6,30,3,1,-1
Control,6,31,3,0,0
Control,6,32,4,1,0
Control,6,33,2,0,-1
Control,6,34,4,0,0
Control,6,35,4,1,0
Control,6,36,4,0,0
Control,6,37,4,1,0
Control,6,38,4,1,0
Control,6,39,4,1,-1
Control,6,40,2,0,-1
Control,6,41,4,1,0
Control,6,42,4,1,0
Control,6,43,4,1,0
Control,6,44,4,1,0
Control,6,45,4,1,0
Control,6,46,4,1,0
Control,6,47,4,1,0
Control,6,48,4,1,-1
Control,6,49,4,1,0
Control,6,50,4,1,-1
Control,6,51,4,1,0
Control,6,52,4,1,0
Control,6,53,4,1,0
Control,6,54,4,1,0
Control,6,55,4,1,0
Control,6,56,4,1,0
Control,6,57,4,1,0
Control,6,58,4,1,-1
Control,6,59,4,1,0
Control,6,60,4,1,0
Control,6,61,4,0,0
Control,6,62,4,1,0
Control,6,63,4,1,0
Control,6,64,4,1,0
Control,6,65,4,1,0
Control,6,66,4,1,0
Control,6,67,4,1,0
Control,6,68,4,1,-1
Control,6,69,4,1,0
Control,6,70,4,1,0
Control,6,71,4,0,0
Control,6,72,1,0,-1
Control,6,73,3,1,0
Control,6,74,3,1,0
Control,6,75,3,1,-1
Control,6,76,3,1,0
Control,6,77,3,0,0
Control,6,78,3,1,0
Control,6,79,3,0,0
Control,6,80,3,0,0
Control,6,81,2,0,0
Control,6,82,4,0,0
Control,6,83,2,0,0
Control,6,84,3,0,0
Control,6,85,3,1,0
Control,6,86,1,0,-1
Control,6,87,1,0,-1
Control,6,88,1,0,0
Control,6,89,2,1,0
Control,6,90,3,0,0
Control,6,91,2,0,-1
Control,6,92,4,1,0
Control,6,93,4,1,0
Control,6,94,4,1,0
Control,6,95,4,1,0
Control,6,96,4,1,0
Control,6,97,2,1,0
Control,6,98,4,1,0
Control,6,99,4,1,0
Control,6,100,4,1,0
Control,6,101,4,1,0
Control,6,102,4,1,0
Control,6,103,4,1,0
Control,6,104,4,1,0
Control,6,105,4,1,0
Control,6,106,4,1,0
Control,6,107,4,1,0
Control,6,108,4,1,0
Control,6,109,4,1,0
Control,6,110,4,0,0
Control,6,111,3,0,0
Control,6,112,4,1,0
Control,6,113,4,1,0
Control,6,114,4,1,0
Control,6,115,4,1,0
Control,6,116,1,0,-1
Control,6,117,4,1,0
Control,6,118,3,0,-1
Control,6,119,4,1,-1
Control,6,120,2,1,-1
Control,6,121,4,1,0
Control,6,122,4,1,0
Control,6,123,2,1,-1
Control,6,124,4,1,0
Control,6,125,4,1,-1
Control,6,126,4,1,-1
Control,6,127,4,0,0
Control,6,128,1,0,-1
Control,6,129,4,1,0
Control,6,130,4,1,0
Control,6,131,4,1,0
Control,6,132,4,0,0
Control,6,133,4,1,0
Control,6,134,4,1,0
Control,6,135,4,1,0
Control,6,136,4,1,0
Control,6,137,4,1,0
Control,6,138,4,1,0
Control,6,139,4,1,0
Control,6,140,4,1,0
Control,6,141,4,1,0
Control,6,142,4,1,0
Control,6,143,4,1,0
Control,6,144,4,1,0
Control,6,145,4,1,0
Control,6,146,4,1,0
Control,6,147,4,1,0
Control,6,148,4,1,0
Control,6,149,4,1,0
Control,6,150,4,1,0
Control,6,151,4,1,0
Control,6,152,4,1,0
Control,6,153,4,1,0
Control,6,154,4,1,0
Control,6,155,4,1,0
Control,6,156,4,1,0
Control,6,157,4,1,0
Control,6,158,4,1,0
Control,6,159,4,1,0
Control,6,160,4,1,0
Control,6,161,4,1,0
Control,6,162,4,0,0
Control,6,163,4,1,0
Control,6,164,4,1,0
Control,6,165,4,1,0
Control,6,166,4,1,0
Control,6,167,4,1,0
Control,6,168,4,1,0
Control,6,169,4,1,0
Control,6,170,4,1,0
Control,6,171,4,1,0
Control,6,172,3,1,0
Control,6,173,4,1,0
Control,6,174,4,1,0
Control,6,175,4,1,0
Control,6,176,4,0,0
Control,6,177,4,1,0
Control,6,178,4,1,0
Control,6,179,4,1,0
Control,6,180,3,1,-1
Control,6,181,4,1,0
Control,6,182,4,1,-1
Control,6,183,4,1,0
Control,6,184,4,1,-1
Control,6,185,4,1,0
Control,6,186,4,1,0
Control,6,187,1,0,-1
Control,6,188,4,1,0
Control,6,189,4,1,0
Control,6,190,4,1,0
Control,6,191,4,1,0
Control,6,192,4,1,0
Control,6,193,4,1,0
Control,6,194,4,1,0
Control,6,195,4,1,-1
Control,6,196,4,1,0
Control,6,197,4,1,0
Control,6,198,4,1,0
Control,6,199,4,1,0
Control,6,200,4,1,0
Control,7,1,3,1,-1
Control,7,2,4,1,-1
Control,7,3,2,0,-1
Control,7,4,1,0,-1
Control,7,5,2,0,-1
Control,7,6,4,1,0
Control,7,7,4,1,0
Control,7,8,4,1,0
Control,7,9,4,1,0
Control,7,10,4,1,-1
Control,7,11,4,1,0
Control,7,12,4,1,0
Control,7,13,4,1,-1
Control,7,14,1,0,-1
Control,7,15,2,0,0
Control,7,16,4,1,0
Control,7,17,4,1,0
Control,7,18,3,1,-1
Control,7,19,2,0,-1
Control,7,20,3,0,0
Control,7,21,4,1,0
Control,7,22,4,1,0
Control,7,23,4,1,0
Control,7,24,4,1,0
Control,7,25,4,1,-1
Control,7,26,2,0,0
Control,7,27,3,1,-1
Control,7,28,1,0,-1
Control,7,29,4,1,0
Control,7,30,4,1,0
Control,7,31,4,1,0
Control,7,32,4,1,0
Control,7,33,4,1,0
Control,7,34,4,1,0
Control,7,35,4,1,0
Control,7,36,4,0,-1
Control,7,37,1,0,-1
Control,7,38,2,0,-1
Control,7,39,3,0,0
Control,7,40,1,0,-1
Control,7,41,4,1,0
Control,7,42,4,1,0
Control,7,43,4,1,0
Control,7,44,4,1,0
Control,7,45,4,1,0
Control,7,46,3,0,0
Control,7,47,4,1,0
Control,7,48,2,1,-1
Control,7,49,1,0,-1
Control,7,50,4,1,-1
Control,7,51,2,0,-1
Control,7,52,1,1,0
Control,7,53,1,0,-1
Control,7,54,3,1,0
Control,7,55,3,1,-1
Control,7,56,3,1,0
Control,7,57,3,1,-1
Control,7,58,1,0,-1
Control,7,59,4,1,0
Control,7,60,2,0,0
Control,7,61,4,1,0
Control,7,62,4,1,0
Control,7,63,2,0,0
Control,7,64,4,1,0
Control,7,65,1,0,-1
Control,7,66,3,1,-1
Control,7,67,4,1,0
Control,7,68,4,1,0
Control,7,69,4,1,0
Control,7,70,4,1,0
Control,7,71,4,1,0
Control,7,72,4,1,0
Control,7,73,2,0,-1
Control,7,74,4,1,0
Control,7,75,4,1,0
Control,7,76,4,1,0
Control,7,77,4,0,0
Control,7,78,2,1,-1
Control,7,79,2,1,0
Control,7,80,2,0,-1
Control,7,81,1,0,-1
Control,7,82,3,1,0
Control,7,83,3,1,0
Control,7,84,3,1,0
Control,7,85,3,0,0
Control,7,86,3,1,-1
Control,7,87,1,0,-1
Control,7,88,3,1,-1
Control,7,89,1,0,-1
Control,7,90,4,1,0
Control,7,91,4,1,0
Control,7,92,4,1,0
Control,7,93,4,1,0
Control,7,94,4,1,0
Control,7,95,4,1,0
Control,7,96,4,1,0
Control,7,97,4,1,0
Control,7,98,4,1,0
Control,7,99,4,1,0
Control,7,100,4,1,0
Control,7,101,4,1,0
Control,7,102,4,1,0
Control,7,103,4,1,0
Control,7,104,4,1,0
Control,7,105,4,1,0
Control,7,106,4,1,-1
Control,7,107,3,0,-1
Control,7,108,3,0,0
Control,7,109,4,1,0
Control,7,110,4,1,0
Control,7,111,4,1,0
Control,7,112,2,1,0
Control,7,113,2,0,-1
Control,7,114,4,1,0
Control,7,115,4,1,0
Control,7,116,4,1,0
Control,7,117,4,1,0
Control,7,118,3,1,0
Control,7,119,3,0,-1
Control,7,120,2,0,0
Control,7,121,4,1,0
Control,7,122,2,1,0
Control,7,123,2,0,-1
Control,7,124,1,0,0
Control,7,125,1,0,0
Control,7,126,3,0,-1
Control,7,127,1,0,-1
Control,7,128,2,0,0
Control,7,129,4,1,0
Control,7,130,4,1,0
Control,7,131,4,1,0
Control,7,132,4,1,0
Control,7,133,2,1,-1
Control,7,134,4,1,-1
Control,7,135,2,0,-1
Control,7,136,3,0,0
Control,7,137,1,0,-1
Control,7,138,4,1,0
Control,7,139,4,1,0
Control,7,140,4,0,0
Control,7,141,4,1,0
Control,7,142,1,0,-1
Control,7,143,2,0,-1
Control,7,144,4,1,0
Control,7,145,4,0,0
Control,7,146,4,0,0
Control,7,147,3,1,-1
Control,7,148,1,1,-1
Control,7,149,4,1,0
Control,7,150,1,0,-1
Control,7,151,4,1,-1
Control,7,152,2,1,-1
Control,7,153,3,1,0
Control,7,154,3,0,0
Control,7,155,3,0,0
Control,7,156,4,0,0
Control,7,157,3,0,-1
Control,7,158,2,0,-1
Control,7,159,1,0,-1
Control,7,160,4,1,0
Control,7,161,1,0,0
Control,7,162,3,0,0
Control,7,163,3,1,0
Control,7,164,3,1,0
Control,7,165,3,0,0
Control,7,166,3,1,0
Control,7,167,3,0,0
Control,7,168,2,0,-1
Control,7,169,3,1,-1
Control,7,170,4,1,0
Control,7,171,4,1,0
Control,7,172,4,1,0
Control,7,173,4,1,0
Control,7,174,4,1,-1
Control,7,175,2,0,0
Control,7,176,1,1,-1
Control,7,177,3,0,0
Control,7,178,2,1,-1
Control,7,179,3,1,0
Control,7,180,3,0,0
Control,7,181,3,0,0
Control,7,182,2,0,0
Control,7,183,2,0,-1
Control,7,184,3,0,0
Control,7,185,1,0,-1
Control,7,186,3,1,-1
Control,7,187,4,1,0
Control,7,188,1,0,-1
Control,7,189,3,1,-1
Control,7,190,2,0,0
Control,7,191,4,1,0
Control,7,192,4,0,0
Control,7,193,4,1,-1
Control,7,194,3,0,0
Control,7,195,2,0,-1
Control,7,196,1,0,-1
Control,7,197,4,1,0
Control,7,198,4,0,0
Control,7,199,4,1,0
Control,7,200,4,1,0
Control,8,1,2,1,-1
Control,8,2,1,0,-1
Control,8,3,4,1,0
Control,8,4,4,1,0
Control,8,5,4,0,0
Control,8,6,4,1,0
Control,8,7,4,1,0
Control,8,8,1,0,-1
Control,8,9,2,0,0
Control,8,10,3,1,0
Control,8,11,3,0,-1
Control,8,12,3,1,0
Control,8,13,2,0,0
Control,8,14,3,0,-1
Control,8,15,4,1,0
Control,8,16,4,1,0
Control,8,17,4,1,0
Control,8,18,4,1,0
Control,8,19,4,1,0
Control,8,20,4,1,0
Control,8,21,4,1,0
Control,8,22,4,1,0
Control,8,23,4,1,0
Control,8,24,4,1,0
Control,8,25,4,1,0
Control,8,26,4,1,0
Control,8,27,4,1,0
Control,8,28,4,1,0
Control,8,29,4,1,0
Control,8,30,4,1,0
Control,8,31,4,1,-1
Control,8,32,1,0,-1
Control,8,33,2,1,-1
Control,8,34,3,0,0
Control,8,35,4,1,0
Control,8,36,4,1,-1
Control,8,37,2,0,0
Control,8,38,4,1,0
Control,8,39,4,1,0
Control,8,40,4,1,-1
Control,8,41,4,1,-1
Control,8,42,4,1,0
Control,8,43,4,1,0
Control,8,44,2,0,-1
Control,8,45,4,1,-1
Control,8,46,4,1,0
Control,8,47,4,1,0
Control,8,48,4,1,0
Control,8,49,4,1,0
Control,8,50,4,1,-1
Control,8,51,4,1,0
Control,8,52,4,1,0
Control,8,53,4,1,0
Control,8,54,4,1,0
Control,8,55,3,1,0
Control,8,56,4,1,0
Control,8,57,4,1,0
Control,8,58,4,1,0
Control,8,59,4,1,0
Control,8,60,4,1,0
Control,8,61,4,1,0
Control,8,62,4,1,0
Control,8,63,4,1,0
Control,8,64,4,1,0
Control,8,65,4,1,0
Control,8,66,4,1,0
Control,8,67,4,1,0
Control,8,68,4,1,0
Control,8,69,4,1,0
Control,8,70,4,1,0
Control,8,71,4,1,-1
Control,8,72,4,1,0
Control,8,73,4,1,0
Control,8,74,4,1,0
Control,8,75,4,1,0
Control,8,76,4,1,0
Control,8,77,4,0,0
Control,8,78,4,1,0
Control,8,79,4,1,0
Control,8,80,3,1,-1
Control,8,81,4,1,-1
Control,8,82,4,1,0
Control,8,83,4,1,0
Control,8,84,4,0,0
Control,8,85,4,1,0
Control,8,86,4,1,0
Control,8,87,4,1,0
Control,8,88,4,1,0
Control,8,89,4,1,0
Control,8,90,4,1,0
Control,8,91,4,1,0
Control,8,92,4,1,0
Control,8,93,4,1,0
Control,8,94,4,1,0
Control,8,95,4,1,-1
Control,8,96,4,0,0
Control,8,97,4,1,0
Control,8,98,4,1,0
Control,8,99,4,1,0
Control,8,100,4,1,0
Control,8,101,4,0,0
Control,8,102,4,1,0
Control,8,103,4,1,0
Control,8,104,4,1,0
Control,8,105,4,1,-1
Control,8,106,3,1,0
Control,8,107,3,1,-1
Control,8,108,4,0,0
Control,8,109,4,1,0
Control,8,110,4,1,0
Control,8,111,4,1,0
Control,8,112,4,1,0
Control,8,113,4,1,0
Control,8,114,3,0,0
Control,8,115,4,1,0
Control,8,116,4,1,-1
Control,8,117,3,1,0
Control,8,118,3,1,-1
Control,8,119,4,1,0
Control,8,120,1,0,-1
Control,8,121,4,1,0
Control,8,122,4,1,0
Control,8,123,4,1,0
Control,8,124,4,0,-1
Control,8,125,4,1,0
Control,8,126,4,0,0
Control,8,127,1,0,-1
Control,8,128,2,0,-1
Control,8,129,3,1,0
Control,8,130,3,1,-1
Control,8,131,3,0,0
Control,8,132,3,0,0
Control,8,133,4,1,-1
Control,8,134,4,1,-1
Control,8,135,4,1,0
Control,8,136,4,1,0
Control,8,137,4,1,-1
Control,8,138,4,1,0
Control,8,139,1,0,-1
Control,8,140,4,1,0
Control,8,141,4,1,0
Control,8,142,4,0,0
Control,8,143,3,0,0
Control,8,144,2,1,0
Control,8,145,4,1,0
Control,8,146,4,1,0
Control,8,147,4,1,0
Control,8,148,4,1,-1
Control,8,149,4,0,0
Control,8,150,4,1,0
Control,8,151,4,1,0
Control,8,152,4,1,0
Control,8,153,4,0,0
Control,8,154,4,1,0
Control,8,155,3,0,-1
Control,8,156,4,0,0
Control,8,157,4,1,0
Control,8,158,4,0,0
Control,8,159,4,0,0
Control,8,160,4,1,0
Control,8,161,4,1,-1
Control,8,162,1,1,-1
Control,8,163,3,0,0
Control,8,164,1,0,-1
Control,8,165,2,0,-1
Control,8,166,2,0,-1
Control,8,167,4,0,0
Control,8,168,4,1,0
Control,8,169,4,1,0
Control,8,170,4,1,0
Control,8,171,4,1,0
Control,8,172,4,1,0
Control,8,173,4,1,-1
Control,8,174,4,1,0
Control,8,175,4,1,0
Control,8,176,4,0,0
Control,8,177,2,1,0
Control,8,178,2,0,-1
Control,8,179,4,1,0
Control,8,180,3,1,0
Control,8,181,3,0,-1
Control,8,182,1,0,-1
Control,8,183,3,1,0
Control,8,184,3,1,0
Control,8,185,3,0,0
Control,8,186,1,0,-1
Control,8,187,2,1,-1
Control,8,188,3,0,0
Control,8,189,2,1,0
Control,8,190,2,0,0
Control,8,191,1,0,-1
Control,8,192,2,0,0
Control,8,193,3,0,0
Control,8,194,2,1,-1
Control,8,195,2,0,-1
Control,8,196,4,1,0
Control,8,197,4,1,0
Control,8,198,4,1,0
Control,8,199,4,1,0
Control,8,200,4,1,0
Control,9,1,4,1,0
Control,9,2,4,1,0
Control,9,3,4,1,0
Control,9,4,4,1,0
Control,9,5,4,1,0
Control,9,6,4,1,0
Control,9,7,4,1,0
Control,9,8,4,0,0
Control,9,9,1,0,-1
Control,9,10,4,1,0
Control,9,11,4,1,0
Control,9,12,4,1,0
Control,9,13,4,1,0
Control,9,14,4,1,0
Control,9,15,4,1,0
Control,9,16,4,1,0
Control,9,17,4,1,-1
Control,9,18,4,1,0
Control,9,19,4,1,0
Control,9,20,4,1,0
Control,9,21,4,1,0
Control,9,22,4,1,0
Control,9,23,4,1,0
Control,9,24,4,1,0
Control,9,25,4,1,-1
Control,9,26,3,0,0
Control,9,27,4,1,0
Control,9,28,3,1,0
Control,9,29,4,1,-1
Control,9,30,3,1,0
Control,9,31,3,1,0
Control,9,32,3,0,-1
Control,9,33,1,0,0
Control,9,34,4,0,0
Control,9,35,4,1,-1
Control,9,36,3,1,0
Control,9,37,3,1,0
Control,9,38,3,1,0
Control,9,39,3,1,0
Control,9,40,3,1,-1
Control,9,41,3,0,0
Control,9,42,2,0,-1
Control,9,43,4,1,0
Control,9,44,4,1,0
Control,9,45,4,1,0
Control,9,46,1,0,-1
Control,9,47,4,1,0
Control,9,48,4,1,-1
Control,9,49,4,1,0
Control,9,50,4,1,0
Control,9,51,4,1,0
Control,9,52,4,1,0
Control,9,53,4,1,0
Control,9,54,4,1,0
Control,9,55,4,1,0
Control,9,56,4,1,0
Control,9,57,4,1,0
Control,9,58,4,1,0
Control,9,59,4,1,0
Control,9,60,4,1,0
Control,9,61,4,1,0
Control,9,62,4,1,-1
Control,9,63,1,0,0
Control,9,64,2,0,-1
Control,9,65,2,1,-1
Control,9,66,1,0,-1
Control,9,67,3,1,-1
Control,9,68,3,1,0
Control,9,69,3,1,0
Control,9,70,3,1,0
Control,9,71,3,0,-1
Control,9,72,2,0,-1
Control,9,73,1,0,-1
Control,9,74,2,0,0
Control,9,75,2,0,-1
Control,9,76,3,1,0
Control,9,77,3,1,-1
Control,9,78,3,0,0
Control,9,79,3,1,0
Control,9,80,3,0,0
Control,9,81,1,0,-1
Control,9,82,4,1,0
Control,9,83,4,0,0
Control,9,84,4,1,0
Control,9,85,4,1,0
Control,9,86,4,1,0
Control,9,87,4,0,0
Control,9,88,4,1,0
Control,9,89,4,1,0
Control,9,90,4,1,0
Control,9,91,4,1,0
Control,9,92,4,1,0
Control,9,93,4,1,0
Control,9,94,4,1,0
Control,9,95,4,1,0
Control,9,96,4,1,-1
Control,9,97,2,0,0
Control,9,98,4,1,0
Control,9,99,4,1,0
Control,9,100,4,0,0
Control,9,101,4,1,0
Control,9,102,4,1,-1
Control,9,103,4,1,-1
Control,9,104,2,0,-1
Control,9,105,1,1,-1
Control,9,106,1,0,-1
Control,9,107,1,0,-1
Control,9,108,2,0,-1
Control,9,109,4,1,0
Control,9,110,4,0,0
Control,9,111,4,1,0
Control,9,112,4,1,-1
Control,9,113,4,0,0
Control,9,114,4,1,0
Control,9,115,4,1,0
Control,9,116,4,1,-1
Control,9,117,4,1,0
Control,9,118,4,1,0
Control,9,119,4,1,0
Control,9,120,4,1,0
Control,9,121,4,1,0
Control,9,122,4,1,0
Control,9,123,4,1,0
Control,9,124,4,1,-1
Control,9,125,4,1,0
Control,9,126,4,1,0
Control,9,127,2,0,-1
Control,9,128,4,1,0
Control,9,129,4,1,0
Control,9,130,4,1,0
Control,9,131,4,1,0
Control,9,132,4,1,0
Control,9,133,4,1,0
Control,9,134,4,1,0
Control,9,135,4,0,0
Control,9,136,3,1,0
Control,9,137,3,0,0
Control,9,138,4,1,0
Control,9,139,4,1,0
Control,9,140,4,1,0
Control,9,141,4,1,0
Control,9,142,4,1,0
Control,9,143,4,1,0
Control,9,144,4,1,0
Control,9,145,4,0,0
Control,9,146,4,1,0
Control,9,147,3,0,-1
Control,9,148,2,0,-1
Control,9,149,1,0,-1
Control,9,150,4,1,0
Control,9,151,3,1,-1
Control,9,152,3,1,0
Control,9,153,3,1,0
Control,9,154,3,0,0
Control,9,155,1,0,-1
Control,9,156,3,0,0
Control,9,157,3,0,0
Control,9,158,2,0,-1
Control,9,159,3,0,0
Control,9,160,3,1,0
Control,9,161,3,1,0
Control,9,162,3,1,0
Control,9,163,3,0,-1
Control,9,164,3,1,0
Control,9,165,2,0,0
Control,9,166,4,1,0
Control,9,167,4,0,0
Control,9,168,4,1,0
Control,9,169,4,1,0
Control,9,170,4,1,0
Control,9,171,4,1,0
Control,9,172,4,1,0
Control,9,173,4,1,0
Control,9,174,2,0,-1
Control,9,175,4,1,0
Control,9,176,4,0,0
Control,9,177,4,1,0
Control,9,178,2,0,0
Control,9,179,4,1,0
Control,9,180,4,1,0
Control,9,181,1,0,-1
Control,9,182,4,1,0
Control,9,183,4,1,0
Control,9,184,4,1,0
Control,9,185,4,0,0
Control,9,186,1,0,-1
Control,9,187,1,0,-1
Control,9,188,4,1,0
Control,9,189,4,1,0
Control,9,190,4,1,0
Control,9,191,4,1,0
Control,9,192,4,1,0
Control,9,193,4,1,-1
Control,9,194,4,1,0
Control,9,195,4,1,0
Control,9,196,4,1,0
Control,9,197,4,1,0
Control,9,198,4,1,0
Control,9,199,4,1,0
Control,9,200,3,1,0
Control,10,1,4,1,-1
Control,10,2,1,1,-1
Control,10,3,2,0,-1
Control,10,4,3,0,-1
Control,10,5,4,1,0
Control,10,6,4,1,0
Control,10,7,4,1,0
Control,10,8,4,0,0
Control,10,9,4,1,0
Control,10,10,2,0,0
Control,10,11,4,1,0
Control,10,12,4,1,0
Control,10,13,4,1,0
Control,10,14,4,1,0
Control,10,15,4,1,0
Control,10,16,4,1,0
Control,10,17,2,0,0
Control,10,18,4,1,0
Control,10,19,2,0,-1
Control,10,20,4,1,0
Control,10,21,4,1,0
Control,10,22,4,1,0
Control,10,23,4,1,0
Control,10,24,3,1,0
Control,10,25,3,0,0
Control,10,26,4,1,0
Control,10,27,4,1,0
Control,10,28,4,1,0
Control,10,29,3,1,0
Control,10,30,4,0,0
Control,10,31,1,0,0
Control,10,32,2,0,0
Control,10,33,3,1,0
Control,10,34,4,0,0
Control,10,35,3,1,-1
Control,10,36,3,1,-1
Control,10,37,1,0,0
Control,10,38,4,1,0
Control,10,39,3,0,-1
Control,10,40,4,1,0
Control,10,41,4,1,-1
Control,10,42,1,1,-1
Control,10,43,1,0,-1
Control,10,44,2,1,-1
Control,10,45,3,0,0
Control,10,46,2,0,-1
Control,10,47,1,1,-1
Control,10,48,2,1,-1
Control,10,49,4,0,0
Control,10,50,4,1,0
Control,10,51,1,0,-1
Control,10,52,4,1,0
Control,10,53,4,1,0
Control,10,54,4,0,0
Control,10,55,4,1,-1
Control,10,56,2,0,-1
Control,10,57,3,0,0
Control,10,58,3,0,0
Control,10,59,2,1,0
Control,10,60,3,1,0
Control,10,61,1,0,-1
Control,10,62,1,0,-1
Control,10,63,3,0,-1
Control,10,64,2,0,-1
Control,10,65,3,0,-1
Control,10,66,4,1,0
Control,10,67,4,1,0
Control,10,68,2,0,0
Control,10,69,4,1,0
Control,10,70,2,0,0
Control,10,71,4,1,0
Control,10,72,4,1,0
Control,10,73,4,1,0
Control,10,74,4,1,0
Control,10,75,4,1,0
Control,10,76,4,1,0
Control,10,77,4,0,0
Control,10,78,4,1,0
Control,10,79,4,0,0
Control,10,80,4,0,0
Control,10,81,2,0,-1
Control,10,82,4,1,-1
Control,10,83,1,0,-1
Control,10,84,2,0,0
Control,10,85,4,1,0
Control,10,86,4,1,0
Control,10,87,4,0,0
Control,10,88,3,1,0
Control,10,89,3,0,0
Control,10,90,4,1,0
Control,10,91,1,0,-1
Control,10,92,2,0,0
Control,10,93,2,0,-1
Control,10,94,3,1,0
Control,10,95,1,0,-1
Control,10,96,3,0,0
Control,10,97,3,1,0
Control,10,98,4,1,0
Control,10,99,4,1,0
Control,10,100,2,1,0
Control,10,101,1,0,-1
Control,10,102,4,1,0
Control,10,103,4,0,0
Control,10,104,1,0,0
Control,10,105,2,0,-1
Control,10,106,4,1,0
Control,10,107,3,0,-1
Control,10,108,4,1,0
Control,10,109,4,1,0
Control,10,110,1,0,-1
Control,10,111,4,1,0
Control,10,112,4,1,0
Control,10,113,4,1,0
Control,10,114,4,1,0
Control,10,115,4,1,0
Control,10,116,4,1,-1
Control,10,117,3,1,0
Control,10,118,1,0,-1
Control,10,119,4,1,-1
Control,10,120,4,1,0
Control,10,121,1,0,-1
Control,10,122,2,0,0
Control,10,123,1,0,-1
Control,10,124,3,0,-1
Control,10,125,4,1,0
Control,10,126,4,1,0
Control,10,127,2,1,0
Control,10,128,4,0,-1
Control,10,129,2,0,-1
Control,10,130,3,1,0
Control,10,131,3,1,0
Control,10,132,1,0,-1
Control,10,133,3,1,0
Control,10,134,3,1,0
Control,10,135,2,0,-1
Control,10,136,3,0,0
Control,10,137,3,0,0
Control,10,138,3,1,0
Control,10,139,3,0,0
Control,10,140,1,0,-1
Control,10,141,4,0,0
Control,10,142,3,0,0
Control,10,143,2,0,0
Control,10,144,3,1,0
Control,10,145,2,0,-1
Control,10,146,4,1,0
Control,10,147,4,1,0
Control,10,148,4,1,0
Control,10,149,4,1,0
Control,10,150,4,0,0
Control,10,151,4,1,0
Control,10,152,4,1,0
Control,10,153,2,0,-1
Control,10,154,4,1,0
Control,10,155,4,1,0
Control,10,156,1,0,0
Control,10,157,1,0,-1
Control,10,158,4,1,0
Control,10,159,3,0,0
Control,10,160,4,1,0
Control,10,161,4,1,0
Control,10,162,4,1,0
Control,10,163,4,1,0
Control,10,164,4,1,0
Control,10,165,4,1,0
Control,10,166,4,1,0
Control,10,167,4,1,0
Control,10,168,4,1,0
Control,10,169,2,1,0
Control,10,170,4,1,0
Control,10,171,4,1,0
Control,10,172,1,0,-1
Control,10,173,4,1,0
Control,10,174,2,0,-1
Control,10,175,3,1,0
Control,10,176,4,1,0
Control,10,177,4,1,0
Control,10,178,3,1,0
Control,10,179,1,0,0
Control,10,180,4,1,0
Control,10,181,4,1,0
Control,10,182,4,1,0
Control,10,183,2,0,-1
Control,10,184,4,1,0
Control,10,185,4,1,0
Control,10,186,1,0,-1
Control,10,187,4,0,0
Control,10,188,4,1,0
Control,10,189,4,1,-1
Control,10,190,4,1,0
Control,10,191,4,1,0
Control,10,192,4,1,0
Control,10,193,4,1,-1
Control,10,194,3,1,0
Control,10,195,3,1,-1
Control,10,196,3,0,0
Control,10,197,4,1,0
Control,10,198,1,0,-1
Control,10,199,3,0,0
Control,10,200,2,1,0
Treatment,11,1,4,1,0
Treatment,11,2,3,0,-1
Treatment,11,3,4,1,0
Treatment,11,4,4,1,0
Treatment,11,5,4,1,-1
Treatment,11,6,3,1,0
Treatment,11,7,3,1,0
Treatment,11,8,3,0,0
Treatment,11,9,4,1,0
Treatment,11,10,3,0,0
Treatment,11,11,2,0,-1
Treatment,11,12,4,1,0
Treatment,11,13,2,0,-1
Treatment,11,14,1,1,-1
Treatment,11,15,4,1,0
Treatment,11,16,4,1,0
Treatment,11,17,2,0,-1
Treatment,11,18,3,1,0
Treatment,11,19,3,0,-1
Treatment,11,20,4,0,0
Treatment,11,21,4,1,-1
Treatment,11,22,4,1,0
Treatment,11,23,1,0,0
Treatment,11,24,4,1,0
Treatment,11,25,4,1,0
Treatment,11,26,3,1,-1
Treatment,11,27,1,1,-1
Treatment,11,28,4,1,0
Treatment,11,29,4,0,0
Treatment,11,30,4,1,0
Treatment,11,31,1,0,-1
Treatment,11,32,4,1,-1
Treatment,11,33,2,1,0
Treatment,11,34,2,0,-1
Treatment,11,35,1,0,-1
Treatment,11,36,3,1,-1
Treatment,11,37,2,0,-1
Treatment,11,38,3,0,-1
Treatment,11,39,4,1,0
Treatment,11,40,2,0,-1
Treatment,11,41,1,0,-1
Treatment,11,42,4,1,0
Treatment,11,43,3,1,-1
Treatment,11,44,4,1,0
Treatment,11,45,4,1,0
Treatment,11,46,1,0,-1
Treatment,11,47,4,1,0
Treatment,11,48,4,1,0
Treatment,11,49,1,0,-1
Treatment,11,50,4,1,-1
Treatment,11,51,1,1,-1
Treatment,11,52,3,0,-1
Treatment,11,53,4,1,0
Treatment,11,54,2,1,-1
Treatment,11,55,4,1,0
Treatment,11,56,4,1,0
Treatment,11,57,4,1,0
Treatment,11,58,4,0,0
Treatment,11,59,3,1,0
Treatment,11,60,2,0,0
Treatment,11,61,2,0,0
Treatment,11,62,4,0,0
Treatment,11,63,2,0,-1
Treatment,11,64,4,1,0
Treatment,11,65,1,0,-1
Treatment,11,66,4,1,0
Treatment,11,67,4,1,-1
Treatment,11,68,2,1,0
Treatment,11,69,1,0,-1
Treatment,11,70,2,0,-1
Treatment,11,71,3,0,0
Treatment,11,72,3,1,-1
Treatment,11,73,1,1,-1
Treatment,11,74,3,0,0
Treatment,11,75,3,0,0
Treatment,11,76,1,0,-1
Treatment,11,77,4,1,0
Treatment,11,78,4,1,0
Treatment,11,79,2,0,-1
Treatment,11,80,3,1,0
Treatment,11,81,4,1,0
Treatment,11,82,4,1,-1
Treatment,11,83,1,0,-1
Treatment,11,84,3,0,-1
Treatment,11,85,2,0,-1
Treatment,11,86,4,1,0
Treatment,11,87,1,0,0
Treatment,11,88,3,1,-1
Treatment,11,89,4,1,0
Treatment,11,90,3,1,0
Treatment,11,91,1,1,-1
Treatment,11,92,3,0,-1
Treatment,11,93,1,0,0
Treatment,11,94,4,1,0
Treatment,11,95,2,0,0
Treatment,11,96,3,1,0
Treatment,11,97,4,1,0
Treatment,11,98,2,0,-1
Treatment,11,99,1,0,-1
Treatment,11,100,3,1,0
Treatment,11,101,3,0,0
Treatment,11,102,3,0,-1
Treatment,11,103,4,1,0
Treatment,11,104,2,0,0
Treatment,11,105,4,1,0
Treatment,11,106,4,1,0
Treatment,11,107,1,1,-1
Treatment,11,108,4,1,0
Treatment,11,109,4,1,0
Treatment,11,110,2,0,-1
Treatment,11,111,4,1,0
Treatment,11,112,1,1,-1
Treatment,11,113,3,0,0
Treatment,11,114,2,0,0
Treatment,11,115,4,1,0
Treatment,11,116,2,1,0
Treatment,11,117,4,1,0
Treatment,11,118,1,0,-1
Treatment,11,119,2,0,0
Treatment,11,120,4,1,0
Treatment,11,121,3,1,0
Treatment,11,122,4,1,0
Treatment,11,123,4,0,0
Treatment,11,124,4,1,0
Treatment,11,125,1,1,-1
Treatment,11,126,3,0,-1
Treatment,11,127,2,1,0
Treatment,11,128,2,1,0
Treatment,11,129,2,1,0
Treatment,11,130,2,1,0
Treatment,11,131,2,0,0
Treatment,11,132,2,1,0
Treatment,11,133,1,0,-1
Treatment,11,134,2,1,0
Treatment,11,135,2,0,0
Treatment,11,136,3,1,0
Treatment,11,137,4,1,0
Treatment,11,138,3,1,0
Treatment,11,139,4,1,0
Treatment,11,140,3,0,-1
Treatment,11,141,3,0,-1
Treatment,11,142,2,0,-1
Treatment,11,143,4,1,0
Treatment,11,144,2,0,-1
Treatment,11,145,2,0,0
Treatment,11,146,1,0,-1
Treatment,11,147,2,0,-1
Treatment,11,148,2,1,0
Treatment,11,149,2,0,-1
Treatment,11,150,1,0,-1
Treatment,11,151,4,1,0
Treatment,11,152,4,1,-1
Treatment,11,153,3,0,0
Treatment,11,154,3,1,0
Treatment,11,155,3,1,-1
Treatment,11,156,2,0,-1
Treatment,11,157,4,1,0
Treatment,11,158,1,0,-1
Treatment,11,159,4,1,0
Treatment,11,160,3,0,0
Treatment,11,161,2,1,-1
Treatment,11,162,1,0,-1
Treatment,11,163,4,1,0
Treatment,11,164,4,1,0
Treatment,11,165,4,1,0
Treatment,11,166,4,1,0
Treatment,11,167,2,0,0
Treatment,11,168,2,0,-1
Treatment,11,169,4,1,0
Treatment,11,170,4,1,0
Treatment,11,171,4,1,0
Treatment,11,172,1,0,-1
Treatment,11,173,3,0,0
Treatment,11,174,4,1,0
Treatment,11,175,4,1,0
Treatment,11,176,4,1,-1
Treatment,11,177,3,1,0
Treatment,11,178,2,0,0
Treatment,11,179,2,0,-1
Treatment,11,180,3,1,0
Treatment,11,181,3,0,-1
Treatment,11,182,4,0,0
Treatment,11,183,1,0,-1
Treatment,11,184,3,1,0
Treatment,11,185,1,0,-1
Treatment,11,186,4,1,-1
Treatment,11,187,2,0,-1
Treatment,11,188,1,1,-1
Treatment,11,189,3,1,0
Treatment,11,190,3,1,0
Treatment,11,191,4,1,0
Treatment,11,192,1,0,-1
Treatment,11,193,4,1,0
Treatment,11,194,2,0,-1
Treatment,11,195,4,1,0
Treatment,11,196,1,0,-1
Treatment,11,197,3,0,0
Treatment,11,198,3,1,-1
Treatment,11,199,1,0,-1
Treatment,11,200,2,0,-1
Treatment,12,1,2,0,0
Treatment,12,2,2,0,-1
Treatment,12,3,4,1,0
Treatment,12,4,3,0,0
Treatment,12,5,3,1,0
Treatment,12,6,1,0,-1
Treatment,12,7,3,0,-1
Treatment,12,8,4,1,0
Treatment,12,9,4,1,0
Treatment,12,10,3,1,-1
Treatment,12,11,4,1,0
Treatment,12,12,1,0,-1
Treatment,12,13,4,1,-1
Treatment,12,14,1,0,-1
Treatment,12,15,3,0,0
Treatment,12,16,2,1,0
Treatment,12,17,2,0,0
Treatment,12,18,2,1,0
Treatment,12,19,4,1,0
Treatment,12,20,3,1,0
Treatment,12,21,3,1,0
Treatment,12,22,1,0,-1
Treatment,12,23,3,0,0
Treatment,12,24,4,1,-1
Treatment,12,25,3,0,0
Treatment,12,26,3,1,-1
Treatment,12,27,2,0,0
Treatment,12,28,4,1,0
Treatment,12,29,4,1,0
Treatment,12,30,2,0,0
Treatment,12,31,3,1,-1
Treatment,12,32,2,0,0
Treatment,12,33,1,0,-1
Treatment,12,34,4,1,0
Treatment,12,35,4,1,0
Treatment,12,36,2,0,-1
Treatment,12,37,4,1,0
Treatment,12,38,4,1,0
Treatment,12,39,3,1,0
Treatment,12,40,3,0,0
Treatment,12,41,1,0,-1
Treatment,12,42,4,1,-1
Treatment,12,43,3,0,0
Treatment,12,44,3,1,0
Treatment,12,45,3,0,0
Treatment,12,46,4,1,0
Treatment,12,47,1,0,-1
Treatment,12,48,4,0,0
Treatment,12,49,3,1,0
Treatment,12,50,4,1,0
Treatment,12,51,2,0,-1
Treatment,12,52,4,1,0
Treatment,12,53,4,0,0
Treatment,12,54,3,0,-1
Treatment,12,55,4,1,0
Treatment,12,56,4,1,0
Treatment,12,57,3,1,0
Treatment,12,58,3,1,0
Treatment,12,59,4,1,0
Treatment,12,60,1,0,-1
Treatment,12,61,4,1,-1
Treatment,12,62,2,0,0
Treatment,12,63,4,1,-1
Treatment,12,64,4,1,0
Treatment,12,65,3,0,-1
Treatment,12,66,1,0,-1
Treatment,12,67,2,1,-1
Treatment,12,68,4,1,-1
Treatment,12,69,1,0,-1
Treatment,12,70,4,1,0
Treatment,12,71,4,0,0
Treatment,12,72,4,1,0
Treatment,12,73,4,1,-1
Treatment,12,74,1,0,-1
Treatment,12,75,3,0,-1
Treatment,12,76,2,1,-1
Treatment,12,77,4,1,0
Treatment,12,78,1,0,-1
Treatment,12,79,4,1,0
Treatment,12,80,4,1,0
Treatment,12,81,1,0,0
Treatment,12,82,1,0,-1
Treatment,12,83,3,1,0
Treatment,12,84,4,1,0
Treatment,12,85,4,1,0
Treatment,12,86,4,0,0
Treatment,12,87,4,1,0
Treatment,12,88,4,1,-1
Treatment,12,89,2,0,-1
Treatment,12,90,2,0,0
Treatment,12,91,3,0,0
Treatment,12,92,4,1,0
Treatment,12,93,4,1,0
Treatment,12,94,3,1,0
Treatment,12,95,3,1,0
Treatment,12,96,4,1,0
Treatment,12,97,4,1,0
Treatment,12,98,4,1,0
Treatment,12,99,4,1,0
Treatment,12,100,4,1,0
Treatment,12,101,4,1,-1
Treatment,12,102,3,1,-1
Treatment,12,103,4,0,0
Treatment,12,104,1,0,-1
Treatment,12,105,2,0,-1
Treatment,12,106,4,1,0
Treatment,12,107,4,1,0
Treatment,12,108,4,1,0
Treatment,12,109,4,1,0
Treatment,12,110,4,1,0
Treatment,12,111,4,1,-1
Treatment,12,112,4,1,0
Treatment,12,113,3,0,0
Treatment,12,114,1,1,-1
Treatment,12,115,3,0,0
Treatment,12,116,3,1,0
Treatment,12,117,3,1,0
Treatment,12,118,3,1,-1
Treatment,12,119,2,1,-1
Treatment,12,120,3,1,0
Treatment,12,121,3,0,0
Treatment,12,122,3,0,0
Treatment,12,123,1,0,-1
Treatment,12,124,3,0,-1
Treatment,12,125,2,1,-1
Treatment,12,126,3,1,0
Treatment,12,127,3,1,0
Treatment,12,128,1,0,-1
Treatment,12,129,3,1,0
Treatment,12,130,3,1,-1
Treatment,12,131,3,1,0
Treatment,12,132,3,1,-1
Treatment,12,133,3,1,0
Treatment,12,134,3,0,0
Treatment,12,135,4,1,0
Treatment,12,136,1,1,-1
Treatment,12,137,2,0,0
Treatment,12,138,4,1,0
Treatment,12,139,4,1,0
Treatment,12,140,2,0,0
Treatment,12,141,3,0,0
Treatment,12,142,4,1,0
Treatment,12,143,2,0,-1
Treatment,12,144,1,0,0
Treatment,12,145,3,1,-1
Treatment,12,146,4,1,0
Treatment,12,147,4,1,-1
Treatment,12,148,4,1,0
Treatment,12,149,4,1,0
Treatment,12,150,4,1,0
Treatment,12,151,3,1,-1
Treatment,12,152,4,1,0
Treatment,12,153,4,1,0
Treatment,12,154,4,0,0
Treatment,12,155,3,0,0
Treatment,12,156,2,1,0
Treatment,12,157,4,1,-1
Treatment,12,158,3,1,0
Treatment,12,159,1,0,-1
Treatment,12,160,3,1,0
Treatment,12,161,3,1,-1
Treatment,12,162,4,1,0
Treatment,12,163,4,1,0
Treatment,12,164,1,0,-1
Treatment,12,165,3,1,0
Treatment,12,166,4,1,0
Treatment,12,167,1,0,-1
Treatment,12,168,3,1,-1
Treatment,12,169,3,1,-1
Treatment,12,170,4,1,0
Treatment,12,171,4,1,0
Treatment,12,172,4,1,0
Treatment,12,173,4,1,0
Treatment,12,174,3,1,-1
Treatment,12,175,2,0,-1
Treatment,12,176,4,1,0
Treatment,12,177,4,1,0
Treatment,12,178,1,0,-1
Treatment,12,179,4,1,0
Treatment,12,180,4,1,0
Treatment,12,181,4,1,0
Treatment,12,182,4,1,0
Treatment,12,183,3,1,-1
Treatment,12,184,4,1,0
Treatment,12,185,4,1,0
Treatment,12,186,4,1,0
Treatment,12,187,4,1,0
Treatment,12,188,4,0,0
Treatment,12,189,4,0,0
Treatment,12,190,4,1,0
Treatment,12,191,4,1,0
Treatment,12,192,3,1,0
Treatment,12,193,4,1,0
Treatment,12,194,4,1,0
Treatment,12,195,4,0,0
Treatment,12,196,4,1,0
Treatment,12,197,4,1,0
Treatment,12,198,4,1,0
Treatment,12,199,4,1,0
Treatment,12,200,2,0,-1
Treatment,13,1,3,1,0
Treatment,13,2,4,1,0
Treatment,13,3,4,1,0
Treatment,13,4,4,1,0
Treatment,13,5,1,0,-1
Treatment,13,6,3,1,0
Treatment,13,7,2,0,-1
Treatment,13,8,4,1,0
Treatment,13,9,4,1,0
Treatment,13,10,4,1,0
Treatment,13,11,4,1,0
Treatment,13,12,4,1,0
Treatment,13,13,2,0,-1
Treatment,13,14,4,1,0
Treatment,13,15,1,0,-1
Treatment,13,16,4,1,0
Treatment,13,17,2,0,-1
Treatment,13,18,1,0,-1
Treatment,13,19,4,1,0
Treatment,13,20,4,1,0
Treatment,13,21,4,1,0
Treatment,13,22,4,1,0
Treatment,13,23,2,1,-1
Treatment,13,24,4,1,0
Treatment,13,25,3,0,0
Treatment,13,26,4,1,0
Treatment,13,27,4,1,0
Treatment,13,28,4,1,0
Treatment,13,29,4,1,-1
Treatment,13,30,4,1,0
Treatment,13,31,4,1,0
Treatment,13,32,4,1,0
Treatment,13,33,4,1,0
Treatment,13,34,3,0,0
Treatment,13,35,3,1,0
Treatment,13,36,3,1,-1
Treatment,13,37,1,0,0
Treatment,13,38,3,0,0
Treatment,13,39,2,1,0
Treatment,13,40,3,1,0
Treatment,13,41,4,1,0
Treatment,13,42,3,1,0
Treatment,13,43,3,1,0
Treatment,13,44,3,1,0
Treatment,13,45,2,0,-1
Treatment,13,46,2,0,-1
Treatment,13,47,3,1,-1
Treatment,13,48,1,0,-1
Treatment,13,49,3,1,0
Treatment,13,50,2,0,-1
Treatment,13,51,3,0,0
Treatment,13,52,4,1,0
Treatment,13,53,4,1,0
Treatment,13,54,4,1,0
Treatment,13,55,1,0,0
Treatment,13,56,1,0,-1
Treatment,13,57,3,1,0
Treatment,13,58,4,0,0
Treatment,13,59,4,1,0
Treatment,13,60,2,0,-1
Treatment,13,61,4,1,0
Treatment,13,62,4,1,0
Treatment,13,63,4,1,-1
Treatment,13,64,2,1,0
Treatment,13,65,3,1,0
Treatment,13,66,1,0,-1
Treatment,13,67,2,0,-1
Treatment,13,68,3,1,0
Treatment,13,69,2,0,-1
Treatment,13,70,3,1,0
Treatment,13,71,3,1,-1
Treatment,13,72,1,0,-1
Treatment,13,73,3,1,0
Treatment,13,74,3,0,0
Treatment,13,75,4,1,0
Treatment,13,76,2,1,-1
Treatment,13,77,3,0,-1
Treatment,13,78,4,1,0
Treatment,13,79,4,1,0
Treatment,13,80,1,0,-1
Treatment,13,81,2,0,0
Treatment,13,82,4,1,0
Treatment,13,83,4,1,-1
Treatment,13,84,2,0,-1
Treatment,13,85,4,1,0
Treatment,13,86,4,1,0
Treatment,13,87,4,1,0
Treatment,13,88,1,0,0
Treatment,13,89,2,1,-1
Treatment,13,90,1,1,-1
Treatment,13,91,2,0,0
Treatment,13,92,3,1,0
Treatment,13,93,2,1,0
Treatment,13,94,1,0,-1
Treatment,13,95,3,0,0
Treatment,13,96,2,0,0
Treatment,13,97,1,0,-1
Treatment,13,98,2,0,-1
Treatment,13,99,3,1,-1
Treatment,13,100,2,0,-1
Treatment,13,101,3,1,-1
Treatment,13,102,3,0,0
Treatment,13,103,3,1,0
Treatment,13,104,2,0,0
Treatment,13,105,3,1,0
Treatment,13,106,3,0,0
Treatment,13,107,4,1,0
Treatment,13,108,2,0,0
Treatment,13,109,2,0,0
Treatment,13,110,4,1,0
Treatment,13,111,3,1,0
Treatment,13,112,2,0,-1
Treatment,13,113,1,0,-1
Treatment,13,114,3,0,-1
Treatment,13,115,4,0,0
Treatment,13,116,2,1,0
Treatment,13,117,4,1,0
Treatment,13,118,4,1,0
Treatment,13,119,1,0,-1
Treatment,13,120,4,0,0
Treatment,13,121,4,0,0
Treatment,13,122,1,0,-1
Treatment,13,123,4,1,0
Treatment,13,124,4,1,0
Treatment,13,125,2,0,0
Treatment,13,126,2,1,0
Treatment,13,127,4,1,0
Treatment,13,128,4,1,0
Treatment,13,129,2,1,-1
Treatment,13,130,2,1,-1
Treatment,13,131,4,1,-1
Treatment,13,132,4,1,0
Treatment,13,133,1,1,-1
Treatment,13,134,3,1,0
Treatment,13,135,3,0,-1
Treatment,13,136,1,0,-1
Treatment,13,137,2,0,-1
Treatment,13,138,1,0,-1
Treatment,13,139,3,1,0
Treatment,13,140,3,1,0
Treatment,13,141,3,0,0
Treatment,13,142,1,0,0
Treatment,13,143,3,1,-1
Treatment,13,144,4,1,0
Treatment,13,145,4,1,0
Treatment,13,146,1,0,-1
Treatment,13,147,4,1,0
Treatment,13,148,2,0,-1
Treatment,13,149,4,1,0
Treatment,13,150,4,1,0
Treatment,13,151,4,1,-1
Treatment,13,152,2,1,-1
Treatment,13,153,4,1,-1
Treatment,13,154,3,1,-1
Treatment,13,155,1,0,-1
Treatment,13,156,3,0,0
Treatment,13,157,2,1,-1
Treatment,13,158,3,1,0
Treatment,13,159,4,1,0
Treatment,13,160,1,0,-1
Treatment,13,161,4,1,0
Treatment,13,162,4,1,0
Treatment,13,163,4,1,0
Treatment,13,164,2,1,0
Treatment,13,165,4,1,0
Treatment,13,166,2,1,-1
Treatment,13,167,4,1,0
Treatment,13,168,3,0,-1
Treatment,13,169,4,1,0
Treatment,13,170,4,1,0
Treatment,13,171,2,0,-1
Treatment,13,172,3,0,-1
Treatment,13,173,4,1,0
Treatment,13,174,4,1,0
Treatment,13,175,4,1,0
Treatment,13,176,4,1,0
Treatment,13,177,4,1,0
Treatment,13,178,4,1,-1
Treatment,13,179,3,1,-1
Treatment,13,180,4,1,0
Treatment,13,181,1,0,-1
Treatment,13,182,2,1,0
Treatment,13,183,1,0,-1
Treatment,13,184,2,0,0
Treatment,13,185,2,0,-1
Treatment,13,186,2,1,-1
Treatment,13,187,3,1,0
Treatment,13,188,3,1,0
Treatment,13,189,3,0,-1
Treatment,13,190,4,1,0
Treatment,13,191,4,1,-1
Treatment,13,192,4,1,0
Treatment,13,193,3,1,0
Treatment,13,194,2,0,0
Treatment,13,195,4,1,-1
Treatment,13,196,3,1,0
Treatment,13,197,4,1,0
Treatment,13,198,3,1,0
Treatment,13,199,4,0,0
Treatment,13,200,4,1,0
Treatment,14,1,4,1,0
Treatment,14,2,2,0,-1
Treatment,14,3,4,1,0
Treatment,14,4,1,0,-1
Treatment,14,5,2,0,0
Treatment,14,6,4,0,0
Treatment,14,7,4,1,0
Treatment,14,8,4,1,0
Treatment,14,9,4,1,0
Treatment,14,10,4,1,0
Treatment,14,11,4,1,0
Treatment,14,12,1,0,-1
Treatment,14,13,4,1,0
Treatment,14,14,4,1,0
Treatment,14,15,3,1,0
Treatment,14,16,4,1,0
Treatment,14,17,3,1,-1
Treatment,14,18,4,1,-1
Treatment,14,19,1,0,-1
Treatment,14,20,2,0,-1
Treatment,14,21,4,1,0
Treatment,14,22,3,0,0
Treatment,14,23,4,1,0
Treatment,14,24,4,1,0
Treatment,14,25,4,1,0
Treatment,14,26,1,0,-1
Treatment,14,27,2,1,0
Treatment,14,28,4,1,0
Treatment,14,29,1,0,-1
Treatment,14,30,4,1,-1
Treatment,14,31,4,1,0
Treatment,14,32,4,1,0
Treatment,14,33,4,1,0
Treatment,14,34,2,0,-1
Treatment,14,35,2,0,-1
Treatment,14,36,4,1,-1
Treatment,14,37,4,0,-1
Treatment,14,38,3,1,-1
Treatment,14,39,2,0,-1
Treatment,14,40,3,0,0
Treatment,14,41,1,0,-1
Treatment,14,42,4,1,0
Treatment,14,43,4,1,0
Treatment,14,44,4,1,0
Treatment,14,45,1,0,-1
Treatment,14,46,4,1,0
Treatment,14,47,4,1,0
Treatment,14,48,4,1,0
Treatment,14,49,4,1,0
Treatment,14,50,4,1,0
Treatment,14,51,4,1,0
Treatment,14,52,4,1,0
Treatment,14,53,4,1,0
Treatment,14,54,4,1,0
Treatment,14,55,4,1,0
Treatment,14,56,4,1,0
Treatment,14,57,4,1,0
Treatment,14,58,4,1,0
Treatment,14,59,4,1,0
Treatment,14,60,4,1,0
Treatment,14,61,4,1,0
Treatment,14,62,2,1,-1
Treatment,14,63,4,1,0
Treatment,14,64,4,1,0
Treatment,14,65,4,1,0
Treatment,14,66,4,1,-1
Treatment,14,67,1,0,-1
Treatment,14,68,2,0,-1
Treatment,14,69,4,1,0
Treatment,14,70,4,1,0
Treatment,14,71,4,1,0
Treatment,14,72,4,1,0
Treatment,14,73,4,1,0
Treatment,14,74,4,1,0
Treatment,14,75,4,1,0
Treatment,14,76,4,1,0
Treatment,14,77,4,1,0
Treatment,14,78,2,0,-1
Treatment,14,79,4,1,0
Treatment,14,80,4,1,-1
Treatment,14,81,1,1,0
Treatment,14,82,1,0,-1
Treatment,14,83,2,1,0
Treatment,14,84,1,0,-1
Treatment,14,85,2,1,-1
Treatment,14,86,2,1,-1
Treatment,14,87,4,1,0
Treatment,14,88,4,1,0
Treatment,14,89,4,1,0
Treatment,14,90,4,1,0
Treatment,14,91,4,1,0
Treatment,14,92,4,1,0
Treatment,14,93,4,1,0
Treatment,14,94,4,1,0
Treatment,14,95,4,1,0
Treatment,14,96,4,0,0
Treatment,14,97,4,1,0
Treatment,14,98,2,1,0
Treatment,14,99,4,1,0
Treatment,14,100,4,0,0
Treatment,14,101,3,1,-1
Treatment,14,102,2,1,-1
Treatment,14,103,4,0,0
Treatment,14,104,3,0,0
Treatment,14,105,4,1,0
Treatment,14,106,4,1,0
Treatment,14,107,3,0,-1
Treatment,14,108,4,1,0
Treatment,14,109,4,1,0
Treatment,14,110,4,1,0
Treatment,14,111,4,1,0
Treatment,14,112,4,1,0
Treatment,14,113,4,1,0
Treatment,14,114,4,0,0
Treatment,14,115,4,1,0
Treatment,14,116,4,1,0
Treatment,14,117,4,1,0
Treatment,14,118,4,1,-1
Treatment,14,119,4,1,0
Treatment,14,120,4,1,0
Treatment,14,121,4,1,0
Treatment,14,122,4,1,-1
Treatment,14,123,4,1,0
Treatment,14,124,4,1,0
Treatment,14,125,4,1,0
Treatment,14,126,4,1,0
Treatment,14,127,3,0,0
Treatment,14,128,4,1,0
Treatment,14,129,4,1,0
Treatment,14,130,4,1,0
Treatment,14,131,3,1,0
Treatment,14,132,4,1,0
Treatment,14,133,4,1,-1
Treatment,14,134,3,1,-1
Treatment,14,135,4,1,0
Treatment,14,136,4,1,0
Treatment,14,137,4,1,0
Treatment,14,138,4,0,-1
Treatment,14,139,3,1,0
Treatment,14,140,1,1,-1
Treatment,14,141,4,0,0
Treatment,14,142,2,0,0
Treatment,14,143,3,1,-1
Treatment,14,144,1,0,-1
Treatment,14,145,4,1,0
Treatment,14,146,4,0,0
Treatment,14,147,4,0,0
Treatment,14,148,4,1,0
Treatment,14,149,4,1,0
Treatment,14,150,2,0,-1
Treatment,14,151,4,1,0
Treatment,14,152,4,1,0
Treatment,14,153,2,1,0
Treatment,14,154,4,1,-1
Treatment,14,155,1,0,-1
Treatment,14,156,4,0,-1
Treatment,14,157,2,0,-1
Treatment,14,158,3,1,0
Treatment,14,159,3,0,0
Treatment,14,160,3,1,0
Treatment,14,161,1,0,-1
Treatment,14,162,3,1,-1
Treatment,14,163,2,0,-1
Treatment,14,164,1,0,-1
Treatment,14,165,3,0,0
Treatment,14,166,4,1,0
Treatment,14,167,4,1,0
Treatment,14,168,4,1,0
Treatment,14,169,4,1,0
Treatment,14,170,4,1,-1
Treatment,14,171,1,0,-1
Treatment,14,172,2,0,0
Treatment,14,173,4,1,0
Treatment,14,174,4,1,0
Treatment,14,175,2,1,-1
Treatment,14,176,4,1,0
Treatment,14,177,4,1,0
Treatment,14,178,2,0,0
Treatment,14,179,2,1,0
Treatment,14,180,1,0,-1
Treatment,14,181,4,1,0
Treatment,14,182,2,0,-1
Treatment,14,183,4,1,0
Treatment,14,184,4,1,0
Treatment,14,185,3,0,0
Treatment,14,186,4,1,0
Treatment,14,187,1,0,-1
Treatment,14,188,4,1,0
Treatment,14,189,2,0,-1
Treatment,14,190,1,0,-1
Treatment,14,191,4,1,0
Treatment,14,192,3,0,0
Treatment,14,193,4,1,0
Treatment,14,194,4,1,0
Treatment,14,195,4,1,0
Treatment,14,196,4,1,0
Treatment,14,197,3,1,-1
Treatment,14,198,4,1,0
Treatment,14,199,4,1,0
Treatment,14,200,4,1,0
Treatment,15,1,1,0,-1
Treatment,15,2,2,0,-1
Treatment,15,3,4,1,0
Treatment,15,4,3,0,-1
Treatment,15,5,4,1,0
Treatment,15,6,4,1,0
Treatment,15,7,4,1,0
Treatment,15,8,4,1,0
Treatment,15,9,4,1,0
Treatment,15,10,4,1,0
Treatment,15,11,4,1,0
Treatment,15,12,1,0,0
Treatment,15,13,2,1,-1
Treatment,15,14,4,0,0
Treatment,15,15,3,1,0
Treatment,15,16,4,1,0
Treatment,15,17,1,0,-1
Treatment,15,18,4,1,0
Treatment,15,19,4,1,0
Treatment,15,20,3,0,0
Treatment,15,21,4,1,0
Treatment,15,22,4,1,0
Treatment,15,23,4,1,0
Treatment,15,24,4,1,0
Treatment,15,25,3,1,0
Treatment,15,26,4,1,0
Treatment,15,27,3,1,-1
Treatment,15,28,2,1,-1
Treatment,15,29,4,1,0
Treatment,15,30,4,1,0
Treatment,15,31,4,1,-1
Treatment,15,32,1,0,-1
Treatment,15,33,4,1,0
Treatment,15,34,3,1,0
Treatment,15,35,4,1,0
Treatment,15,36,3,1,0
Treatment,15,37,2,0,-1
Treatment,15,38,3,1,0
Treatment,15,39,4,1,0
Treatment,15,40,4,0,0
Treatment,15,41,3,0,0
Treatment,15,42,4,1,0
Treatment,15,43,2,0,-1
Treatment,15,44,4,1,0
Treatment,15,45,4,1,0
Treatment,15,46,4,1,0
Treatment,15,47,4,1,0
Treatment,15,48,4,1,0
Treatment,15,49,4,0,0
Treatment,15,50,4,1,0
Treatment,15,51,4,1,0
Treatment,15,52,4,1,0
Treatment,15,53,4,1,0
Treatment,15,54,1,0,-1
Treatment,15,55,4,1,0
Treatment,15,56,4,1,-1
Treatment,15,57,2,1,-1
Treatment,15,58,4,1,0
Treatment,15,59,4,1,0
Treatment,15,60,4,1,0
Treatment,15,61,4,1,0
Treatment,15,62,4,1,0
Treatment,15,63,4,1,0
Treatment,15,64,4,1,-1
Treatment,15,65,4,1,0
Treatment,15,66,4,1,0
Treatment,15,67,4,1,0
Treatment,15,68,4,1,0
Treatment,15,69,4,0,0
Treatment,15,70,4,1,0
Treatment,15,71,4,1,0
Treatment,15,72,4,1,0
Treatment,15,73,2,0,0
Treatment,15,74,4,1,0
Treatment,15,75,4,1,0
Treatment,15,76,4,1,0
Treatment,15,77,4,1,0
Treatment,15,78,1,0,-1
Treatment,15,79,4,1,0
Treatment,15,80,4,1,0
Treatment,15,81,4,1,0
Treatment,15,82,4,1,0
Treatment,15,83,4,1,0
Treatment,15,84,2,1,-1
Treatment,15,85,4,1,0
Treatment,15,86,4,1,0
Treatment,15,87,4,1,0
Treatment,15,88,4,1,-1
Treatment,15,89,4,1,0
Treatment,15,90,4,1,0
Treatment,15,91,4,1,0
Treatment,15,92,4,1,0
Treatment,15,93,4,0,0
Treatment,15,94,4,1,0
Treatment,15,95,4,1,0
Treatment,15,96,4,1,0
Treatment,15,97,4,1,0
Treatment,15,98,4,1,0
Treatment,15,99,4,1,0
Treatment,15,100,4,0,0
Treatment,15,101,4,1,0
Treatment,15,102,4,1,0
Treatment,15,103,4,1,0
Treatment,15,104,4,1,0
Treatment,15,105,4,1,0
Treatment,15,106,4,1,0
Treatment,15,107,4,1,0
Treatment,15,108,4,1,0
Treatment,15,109,4,1,-1
Treatment,15,110,4,1,0
Treatment,15,111,4,1,-1
Treatment,15,112,1,0,-1
Treatment,15,113,4,1,0
Treatment,15,114,3,1,0
Treatment,15,115,4,1,-1
Treatment,15,116,3,0,0
Treatment,15,117,3,0,0
Treatment,15,118,4,1,0
Treatment,15,119,1,0,-1
Treatment,15,120,4,1,0
Treatment,15,121,3,1,0
Treatment,15,122,3,1,0
Treatment,15,123,3,1,0
Treatment,15,124,3,0,0
Treatment,15,125,2,0,-1
Treatment,15,126,4,1,0
Treatment,15,127,3,0,0
Treatment,15,128,3,0,-1
Treatment,15,129,4,1,0
Treatment,15,130,4,1,0
Treatment,15,131,4,1,0
Treatment,15,132,4,1,0
Treatment,15,133,4,0,0
Treatment,15,134,2,1,-1
Treatment,15,135,4,1,0
Treatment,15,136,4,1,0
Treatment,15,137,4,1,0
Treatment,15,138,4,0,0
Treatment,15,139,1,0,-1
Treatment,15,140,4,1,0
Treatment,15,141,4,1,0
Treatment,15,142,4,1,-1
Treatment,15,143,2,0,-1
Treatment,15,144,4,1,0
Treatment,15,145,4,1,0
Treatment,15,146,4,1,0
Treatment,15,147,4,1,0
Treatment,15,148,4,1,0
Treatment,15,149,4,1,0
Treatment,15,150,4,0,0
Treatment,15,151,4,1,0
Treatment,15,152,4,1,0
Treatment,15,153,4,1,0
Treatment,15,154,2,0,-1
Treatment,15,155,4,1,0
Treatment,15,156,4,1,0
Treatment,15,157,4,0,0
Treatment,15,158,4,1,0
Treatment,15,159,4,1,0
Treatment,15,160,4,1,0
Treatment,15,161,4,1,0
Treatment,15,162,4,1,0
Treatment,15,163,4,1,0
Treatment,15,164,4,1,0
Treatment,15,165,4,1,0
Treatment,15,166,4,1,0
Treatment,15,167,4,0,0
Treatment,15,168,4,0,0
Treatment,15,169,4,1,0
Treatment,15,170,4,1,0
Treatment,15,171,4,1,-1
Treatment,15,172,4,1,0
Treatment,15,173,4,1,0
Treatment,15,174,1,0,0
Treatment,15,175,2,0,0
Treatment,15,176,4,1,0
Treatment,15,177,4,1,0
Treatment,15,178,4,1,0
Treatment,15,179,4,1,0
Treatment,15,180,4,1,0
Treatment,15,181,4,1,0
Treatment,15,182,4,0,0
Treatment,15,183,4,0,0
Treatment,15,184,4,1,0
Treatment,15,185,4,1,0
Treatment,15,186,4,1,0
Treatment,15,187,4,1,-1
Treatment,15,188,4,1,-1
Treatment,15,189,4,1,0
Treatment,15,190,1,0,0
Treatment,15,191,4,1,0
Treatment,15,192,4,0,0
Treatment,15,193,4,1,0
Treatment,15,194,4,1,0
Treatment,15,195,4,1,0
Treatment,15,196,4,1,0
Treatment,15,197,4,0,0
Treatment,15,198,4,1,0
Treatment,15,199,4,1,0
Treatment,15,200,4,1,0
Treatment,16,1,1,0,-1
Treatment,16,2,3,1,0
Treatment,16,3,3,1,-1
Treatment,16,4,3,1,0
Treatment,16,5,1,0,-1
Treatment,16,6,3,0,0
Treatment,16,7,3,0,0
Treatment,16,8,2,0,-1
Treatment,16,9,3,1,0
Treatment,16,10,4,1,0
Treatment,16,11,4,1,-1
Treatment,16,12,1,0,-1
Treatment,16,13,3,0,0
Treatment,16,14,4,1,0
Treatment,16,15,2,0,-1
Treatment,16,16,3,1,-1
Treatment,16,17,4,1,-1
Treatment,16,18,1,0,-1
Treatment,16,19,2,0,-1
Treatment,16,20,4,1,0
Treatment,16,21,4,1,0
Treatment,16,22,1,0,-1
Treatment,16,23,4,1,-1
Treatment,16,24,3,0,-1
Treatment,16,25,2,1,-1
Treatment,16,26,4,1,0
Treatment,16,27,4,1,0
Treatment,16,28,4,1,-1
Treatment,16,29,3,1,0
Treatment,16,30,3,1,0
Treatment,16,31,1,0,-1
Treatment,16,32,2,0,-1
Treatment,16,33,3,0,0
Treatment,16,34,3,1,-1
Treatment,16,35,1,0,-1
Treatment,16,36,2,0,-1
Treatment,16,37,3,1,0
Treatment,16,38,3,0,-1
Treatment,16,39,1,0,-1
Treatment,16,40,2,0,0
Treatment,16,41,2,0,-1
Treatment,16,42,4,1,0
Treatment,16,43,4,1,0
Treatment,16,44,4,1,0
Treatment,16,45,1,0,-1
Treatment,16,46,4,1,0
Treatment,16,47,1,0,-1
Treatment,16,48,4,1,0
Treatment,16,49,4,1,0
Treatment,16,50,4,1,0
Treatment,16,51,3,0,0
Treatment,16,52,2,0,-1
Treatment,16,53,4,1,0
Treatment,16,54,4,1,0
Treatment,16,55,3,1,0
Treatment,16,56,1,0,-1
Treatment,16,57,4,1,0
Treatment,16,58,2,0,-1
Treatment,16,59,1,0,-1
Treatment,16,60,4,1,0
Treatment,16,61,2,1,0
Treatment,16,62,3,1,0
Treatment,16,63,3,1,0
Treatment,16,64,4,0,0
Treatment,16,65,4,1,0
Treatment,16,66,4,1,0
Treatment,16,67,4,1,0
Treatment,16,68,4,0,0
Treatment,16,69,4,1,0
Treatment,16,70,4,1,0
Treatment,16,71,4,1,0
Treatment,16,72,4,1,0
Treatment,16,73,2,0,0
Treatment,16,74,3,0,0
Treatment,16,75,3,1,-1
Treatment,16,76,2,0,-1
Treatment,16,77,4,0,0
Treatment,16,78,3,1,0
Treatment,16,79,1,0,-1
Treatment,16,80,1,0,0
Treatment,16,81,3,1,0
Treatment,16,82,4,1,0
Treatment,16,83,3,1,0
Treatment,16,84,4,0,0
Treatment,16,85,1,0,0
Treatment,16,86,3,0,0
Treatment,16,87,2,0,0
Treatment,16,88,4,1,0
Treatment,16,89,4,1,0
Treatment,16,90,2,0,0
Treatment,16,91,2,0,-1
Treatment,16,92,1,0,-1
Treatment,16,93,4,1,0
Treatment,16,94,3,1,-1
Treatment,16,95,1,0,-1
Treatment,16,96,3,0,0
Treatment,16,97,4,1,-1
Treatment,16,98,2,0,-1
Treatment,16,99,2,0,0
Treatment,16,100,3,0,0
Treatment,16,101,4,1,0
Treatment,16,102,2,0,-1
Treatment,16,103,4,1,0
Treatment,16,104,4,1,0
Treatment,16,105,3,1,0
Treatment,16,106,3,1,0
Treatment,16,107,1,0,-1
Treatment,16,108,4,1,0
Treatment,16,109,4,1,0
Treatment,16,110,3,0,0
Treatment,16,111,4,1,0
Treatment,16,112,2,0,-1
Treatment,16,113,4,1,0
Treatment,16,114,4,1,-1
Treatment,16,115,4,1,0
Treatment,16,116,3,1,0
Treatment,16,117,1,0,-1
Treatment,16,118,4,1,0
Treatment,16,119,4,1,0
Treatment,16,120,3,1,-1
Treatment,16,121,4,1,0
Treatment,16,122,4,1,-1
Treatment,16,123,2,0,-1
Treatment,16,124,3,1,0
Treatment,16,125,1,1,-1
Treatment,16,126,2,0,-1
Treatment,16,127,4,1,0
Treatment,16,128,4,1,0
Treatment,16,129,4,1,0
Treatment,16,130,1,0,-1
Treatment,16,131,4,0,0
Treatment,16,132,3,1,0
Treatment,16,133,2,0,-1
Treatment,16,134,4,0,0
Treatment,16,135,4,1,0
Treatment,16,136,4,1,0
Treatment,16,137,2,0,-1
Treatment,16,138,1,1,-1
Treatment,16,139,4,1,0
Treatment,16,140,4,1,0
Treatment,16,141,3,0,0
Treatment,16,142,4,1,0
Treatment,16,143,3,1,0
Treatment,16,144,4,1,0
Treatment,16,145,2,0,-1
Treatment,16,146,3,1,-1
Treatment,16,147,2,0,0
Treatment,16,148,3,1,-1
Treatment,16,149,1,0,-1
Treatment,16,150,4,1,0
Treatment,16,151,3,1,0
Treatment,16,152,4,0,0
Treatment,16,153,2,0,-1
Treatment,16,154,3,1,0
Treatment,16,155,4,1,0
Treatment,16,156,4,0,0
Treatment,16,157,3,1,0
Treatment,16,158,4,1,0
Treatment,16,159,3,0,0
Treatment,16,160,3,1,-1
Treatment,16,161,4,1,0
Treatment,16,162,4,1,0
Treatment,16,163,2,1,-1
Treatment,16,164,2,0,-1
Treatment,16,165,4,1,0
Treatment,16,166,4,1,0
Treatment,16,167,2,0,-1
Treatment,16,168,4,1,-1
Treatment,16,169,4,1,0
Treatment,16,170,4,1,0
Treatment,16,171,4,0,0
Treatment,16,172,2,0,0
Treatment,16,173,4,1,0
Treatment,16,174,4,1,0
Treatment,16,175,3,0,0
Treatment,16,176,4,1,0
Treatment,16,177,3,0,0
Treatment,16,178,3,0,0
Treatment,16,179,4,1,0
Treatment,16,180,2,0,0
Treatment,16,181,4,1,0
Treatment,16,182,4,1,0
Treatment,16,183,1,1,-1
Treatment,16,184,4,1,0
Treatment,16,185,4,1,0
Treatment,16,186,4,1,0
Treatment,16,187,4,1,-1
Treatment,16,188,3,0,0
Treatment,16,189,1,0,-1
Treatment,16,190,3,1,0
Treatment,16,191,3,0,0
Treatment,16,192,3,1,0
Treatment,16,193,2,1,0
Treatment,16,194,4,1,0
Treatment,16,195,4,1,-1
Treatment,16,196,2,1,0
Treatment,16,197,1,1,0
Treatment,16,198,2,0,0
Treatment,16,199,2,0,-1
Treatment,16,200,4,1,0
Treatment,17,1,2,0,-1
Treatment,17,2,3,1,0
Treatment,17,3,4,1,0
Treatment,17,4,4,1,0
Treatment,17,5,4,1,0
Treatment,17,6,3,1,0
Treatment,17,7,4,0,0
Treatment,17,8,1,1,-1
Treatment,17,9,4,1,-1
Treatment,17,10,2,0,0
Treatment,17,11,2,0,-1
Treatment,17,12,4,1,0
Treatment,17,13,3,1,-1
Treatment,17,14,4,1,0
Treatment,17,15,2,0,0
Treatment,17,16,4,1,0
Treatment,17,17,4,1,0
Treatment,17,18,4,1,0
Treatment,17,19,3,1,0
Treatment,17,20,3,0,-1
Treatment,17,21,4,1,0
Treatment,17,22,4,0,-1
Treatment,17,23,3,0,0
Treatment,17,24,2,0,0
Treatment,17,25,2,1,-1
Treatment,17,26,2,0,-1
Treatment,17,27,4,1,0
Treatment,17,28,3,0,0
Treatment,17,29,4,0,0
Treatment,17,30,3,1,0
Treatment,17,31,4,1,0
Treatment,17,32,4,1,0
Treatment,17,33,1,0,0
Treatment,17,34,4,1,0
Treatment,17,35,4,1,0
Treatment,17,36,4,1,0
Treatment,17,37,4,1,0
Treatment,17,38,4,0,-1
Treatment,17,39,3,0,0
Treatment,17,40,4,1,0
Treatment,17,41,4,0,0
Treatment,17,42,1,0,0
Treatment,17,43,2,0,0
Treatment,17,44,4,1,0
Treatment,17,45,4,1,0
Treatment,17,46,4,1,0
Treatment,17,47,4,1,0
Treatment,17,48,4,0,0
Treatment,17,49,4,1,0
Treatment,17,50,4,1,-1
Treatment,17,51,4,1,0
Treatment,17,52,4,1,0
Treatment,17,53,4,1,0
Treatment,17,54,4,1,0
Treatment,17,55,4,1,0
Treatment,17,56,4,1,0
Treatment,17,57,4,1,0
Treatment,17,58,4,1,0
Treatment,17,59,4,1,0
Treatment,17,60,4,1,-1
Treatment,17,61,3,1,-1
Treatment,17,62,4,1,0
Treatment,17,63,4,1,0
Treatment,17,64,4,1,0
Treatment,17,65,4,1,0
Treatment,17,66,4,1,0
Treatment,17,67,4,1,-1
Treatment,17,68,4,1,0
Treatment,17,69,4,1,0
Treatment,17,70,4,0,0
Treatment,17,71,4,0,0
Treatment,17,72,4,1,0
Treatment,17,73,4,1,0
Treatment,17,74,4,1,0
Treatment,17,75,4,1,0
Treatment,17,76,4,1,0
Treatment,17,77,4,1,0
Treatment,17,78,4,1,0
Treatment,17,79,4,1,0
Treatment,17,80,4,1,0
Treatment,17,81,4,1,0
Treatment,17,82,4,1,0
Treatment,17,83,3,0,0
Treatment,17,84,4,1,0
Treatment,17,85,1,0,-1
Treatment,17,86,4,1,0
Treatment,17,87,4,1,-1
Treatment,17,88,4,1,0
Treatment,17,89,3,0,0
Treatment,17,90,4,1,0
Treatment,17,91,4,1,0
Treatment,17,92,4,1,0
Treatment,17,93,4,1,0
Treatment,17,94,4,1,0
Treatment,17,95,4,1,0
Treatment,17,96,4,1,0
Treatment,17,97,4,1,0
Treatment,17,98,4,1,0
Treatment,17,99,4,1,0
Treatment,17,100,4,1,0
Treatment,17,101,4,1,0
Treatment,17,102,4,1,0
Treatment,17,103,4,1,0
Treatment,17,104,4,1,0
Treatment,17,105,4,0,-1
Treatment,17,106,1,0,-1
Treatment,17,107,4,1,0
Treatment,17,108,4,1,-1
Treatment,17,109,4,0,0
Treatment,17,110,4,0,0
Treatment,17,111,3,1,0
Treatment,17,112,3,0,0
Treatment,17,113,3,1,0
Treatment,17,114,2,1,-1
Treatment,17,115,3,0,-1
Treatment,17,116,4,1,0
Treatment,17,117,2,1,0
Treatment,17,118,4,1,0
Treatment,17,119,3,1,0
Treatment,17,120,4,0,0
Treatment,17,121,1,0,-1
Treatment,17,122,4,1,0
Treatment,17,123,4,1,0
Treatment,17,124,3,0,-1
Treatment,17,125,4,1,0
Treatment,17,126,4,1,0
Treatment,17,127,4,1,-1
Treatment,17,128,3,1,0
Treatment,17,129,3,1,0
Treatment,17,130,3,1,0
Treatment,17,131,3,0,0
Treatment,17,132,3,1,0
Treatment,17,133,3,0,0
Treatment,17,134,2,0,0
Treatment,17,135,3,1,0
Treatment,17,136,3,1,-1
Treatment,17,137,3,0,0
Treatment,17,138,4,1,0
Treatment,17,139,3,1,0
Treatment,17,140,3,0,0
Treatment,17,141,1,0,-1
Treatment,17,142,3,0,0
Treatment,17,143,4,1,-1
Treatment,17,144,3,1,-1
Treatment,17,145,1,1,-1
Treatment,17,146,3,1,0
Treatment,17,147,3,0,0
Treatment,17,148,2,0,0
Treatment,17,149,3,0,0
Treatment,17,150,3,1,0
Treatment,17,151,3,0,-1
Treatment,17,152,3,1,0
Treatment,17,153,3,1,0
Treatment,17,154,4,1,0
Treatment,17,155,3,1,0
Treatment,17,156,4,1,-1
Treatment,17,157,2,1,-1
Treatment,17,158,1,0,-1
Treatment,17,159,3,1,0
Treatment,17,160,3,1,0
Treatment,17,161,3,0,0
Treatment,17,162,4,1,-1
Treatment,17,163,3,0,0
Treatment,17,164,3,1,-1
Treatment,17,165,4,1,-1
Treatment,17,166,3,0,0
Treatment,17,167,3,0,0
Treatment,17,168,2,0,-1
Treatment,17,169,1,0,-1
Treatment,17,170,4,1,0
Treatment,17,171,4,1,0
Treatment,17,172,2,0,-1
Treatment,17,173,4,1,0
Treatment,17,174,4,1,0
Treatment,17,175,4,1,0
Treatment,17,176,3,1,0
Treatment,17,177,4,1,-1
Treatment,17,178,3,1,-1
Treatment,17,179,1,0,-1
Treatment,17,180,4,1,0
Treatment,17,181,4,1,0
Treatment,17,182,4,1,0
Treatment,17,183,4,1,-1
Treatment,17,184,3,1,0
Treatment,17,185,4,1,0
Treatment,17,186,4,1,0
Treatment,17,187,4,1,0
Treatment,17,188,4,1,0
Treatment,17,189,4,1,0
Treatment,17,190,4,1,-1
Treatment,17,191,4,1,0
Treatment,17,192,4,1,0
Treatment,17,193,4,1,0
Treatment,17,194,4,1,0
Treatment,17,195,4,1,0
Treatment,17,196,4,1,0
Treatment,17,197,4,1,0
Treatment,17,198,4,1,0
Treatment,17,199,4,1,0
Treatment,17,200,4,1,0
Treatment,18,1,4,1,0
Treatment,18,2,4,1,0
Treatment,18,3,3,0,-1
Treatment,18,4,2,0,-1
Treatment,18,5,4,1,0
Treatment,18,6,3,1,-1
Treatment,18,7,4,1,0
Treatment,18,8,1,0,0
Treatment,18,9,1,0,0
Treatment,18,10,4,0,0
Treatment,18,11,4,1,-1
Treatment,18,12,2,1,-1
Treatment,18,13,2,0,0
Treatment,18,14,3,1,-1
Treatment,18,15,4,1,0
Treatment,18,16,4,1,-1
Treatment,18,17,1,0,-1
Treatment,18,18,3,0,-1
Treatment,18,19,1,0,-1
Treatment,18,20,3,1,-1
Treatment,18,21,2,1,0
Treatment,18,22,2,0,0
Treatment,18,23,2,0,0
Treatment,18,24,3,1,-1
Treatment,18,25,3,1,0
Treatment,18,26,2,0,0
Treatment,18,27,2,0,-1
Treatment,18,28,1,1,-1
Treatment,18,29,4,1,0
Treatment,18,30,3,0,-1
Treatment,18,31,4,1,0
Treatment,18,32,4,1,0
Treatment,18,33,4,0,-1
Treatment,18,34,1,0,-1
Treatment,18,35,3,0,-1
Treatment,18,36,3,0,0
Treatment,18,37,2,1,-1
Treatment,18,38,4,1,-1
Treatment,18,39,1,0,0
Treatment,18,40,4,1,0
Treatment,18,41,2,0,0
Treatment,18,42,2,1,-1
Treatment,18,43,2,1,0
Treatment,18,44,4,0,0
Treatment,18,45,1,0,-1
Treatment,18,46,3,0,0
Treatment,18,47,1,0,-1
Treatment,18,48,4,1,0
Treatment,18,49,4,1,0
Treatment,18,50,4,0,0
Treatment,18,51,4,1,0
Treatment,18,52,4,1,0
Treatment,18,53,1,1,-1
Treatment,18,54,2,0,-1
Treatment,18,55,4,1,0
Treatment,18,56,4,1,0
Treatment,18,57,1,1,-1
Treatment,18,58,3,1,0
Treatment,18,59,3,1,-1
Treatment,18,60,3,1,0
Treatment,18,61,4,1,-1
Treatment,18,62,2,0,-1
Treatment,18,63,1,0,-1
Treatment,18,64,3,1,0
Treatment,18,65,3,1,0
Treatment,18,66,2,0,0
Treatment,18,67,1,0,-1
Treatment,18,68,4,1,0
Treatment,18,69,3,0,0
Treatment,18,70,4,0,0
Treatment,18,71,2,0,-1
Treatment,18,72,4,1,0
Treatment,18,73,4,1,-1
Treatment,18,74,3,0,0
Treatment,18,75,3,0,0
Treatment,18,76,1,0,-1
Treatment,18,77,3,1,0
Treatment,18,78,3,1,0
Treatment,18,79,3,1,0
Treatment,18,80,3,1,0
Treatment,18,81,3,0,0
Treatment,18,82,3,0,0
Treatment,18,83,4,1,0
Treatment,18,84,3,1,0
Treatment,18,85,3,1,0
Treatment,18,86,3,0,-1
Treatment,18,87,4,1,0
Treatment,18,88,3,0,0
Treatment,18,89,2,0,-1
Treatment,18,90,1,0,-1
Treatment,18,91,4,1,0
Treatment,18,92,4,1,0
Treatment,18,93,2,0,0
Treatment,18,94,1,0,-1
Treatment,18,95,4,1,0
Treatment,18,96,2,0,0
Treatment,18,97,4,1,0
Treatment,18,98,2,0,0
Treatment,18,99,4,1,0
Treatment,18,100,1,0,-1
Treatment,18,101,3,0,0
Treatment,18,102,3,0,-1
Treatment,18,103,2,0,-1
Treatment,18,104,1,0,-1
Treatment,18,105,4,1,0
Treatment,18,106,4,1,0
Treatment,18,107,2,0,-1
Treatment,18,108,1,0,-1
Treatment,18,109,3,0,0
Treatment,18,110,3,0,-1
Treatment,18,111,3,1,0
Treatment,18,112,3,1,0
Treatment,18,113,4,0,-1
Treatment,18,114,2,0,0
Treatment,18,115,3,0,0
Treatment,18,116,3,0,0
Treatment,18,117,3,0,-1
Treatment,18,118,1,1,-1
Treatment,18,119,3,1,0
Treatment,18,120,2,0,0
Treatment,18,121,2,0,-1
Treatment,18,122,3,1,0
Treatment,18,123,3,1,-1
Treatment,18,124,1,0,-1
Treatment,18,125,3,1,0
Treatment,18,126,4,1,0
Treatment,18,127,4,1,0
Treatment,18,128,4,1,0
Treatment,18,129,4,1,0
Treatment,18,130,4,1,0
Treatment,18,131,2,0,0
Treatment,18,132,3,1,-1
Treatment,18,133,3,1,0
Treatment,18,134,4,1,0
Treatment,18,135,4,1,0
Treatment,18,136,4,1,0
Treatment,18,137,4,1,0
Treatment,18,138,4,1,0
Treatment,18,139,4,1,0
Treatment,18,140,2,0,0
Treatment,18,141,4,1,0
Treatment,18,142,4,1,0
Treatment,18,143,4,1,-1
Treatment,18,144,1,1,-1
Treatment,18,145,4,1,0
Treatment,18,146,1,0,-1
Treatment,18,147,4,1,-1
Treatment,18,148,4,1,0
Treatment,18,149,2,0,0
Treatment,18,150,4,1,0
Treatment,18,151,4,1,0
Treatment,18,152,4,1,0
Treatment,18,153,2,0,0
Treatment,18,154,1,0,-1
Treatment,18,155,4,1,0
Treatment,18,156,4,1,0
Treatment,18,157,4,1,0
Treatment,18,158,4,1,0
Treatment,18,159,4,1,0
Treatment,18,160,4,1,0
Treatment,18,161,4,1,0
Treatment,18,162,4,1,0
Treatment,18,163,4,1,-1
Treatment,18,164,1,0,-1
Treatment,18,165,4,1,0
Treatment,18,166,4,1,0
Treatment,18,167,4,0,0
Treatment,18,168,4,1,0
Treatment,18,169,4,1,0
Treatment,18,170,4,1,0
Treatment,18,171,2,0,0
Treatment,18,172,4,1,0
Treatment,18,173,3,1,0
Treatment,18,174,4,1,0
Treatment,18,175,4,1,0
Treatment,18,176,1,0,-1
Treatment,18,177,4,1,0
Treatment,18,178,4,1,0
Treatment,18,179,4,1,0
Treatment,18,180,4,1,-1
Treatment,18,181,1,0,-1
Treatment,18,182,1,0,-1
Treatment,18,183,2,0,-1
Treatment,18,184,4,1,0
Treatment,18,185,2,1,-1
Treatment,18,186,3,1,0
Treatment,18,187,3,1,0
Treatment,18,188,4,1,-1
Treatment,18,189,4,1,0
Treatment,18,190,2,1,-1
Treatment,18,191,4,1,-1
Treatment,18,192,3,0,0
Treatment,18,193,2,0,-1
Treatment,18,194,3,0,0
Treatment,18,195,1,0,-1
Treatment,18,196,3,1,0
Treatment,18,197,4,1,0
Treatment,18,198,2,0,-1
Treatment,18,199,3,1,0
Treatment,18,200,3,1,-1
Treatment,19,1,2,0,-1
Treatment,19,2,4,1,0
Treatment,19,3,4,1,0
Treatment,19,4,3,1,-1
Treatment,19,5,3,1,-1
Treatment,19,6,1,1,-1
Treatment,19,7,3,1,-1
Treatment,19,8,1,0,-1
Treatment,19,9,4,1,0
Treatment,19,10,1,0,-1
Treatment,19,11,3,1,0
Treatment,19,12,3,0,0
Treatment,19,13,4,1,0
Treatment,19,14,4,1,0
Treatment,19,15,4,1,0
Treatment,19,16,4,1,0
Treatment,19,17,4,1,0
Treatment,19,18,4,1,0
Treatment,19,19,4,1,-1
Treatment,19,20,4,1,0
Treatment,19,21,2,0,0
Treatment,19,22,2,0,0
Treatment,19,23,4,1,0
Treatment,19,24,4,1,0
Treatment,19,25,3,1,-1
Treatment,19,26,1,0,-1
Treatment,19,27,3,0,0
Treatment,19,28,4,1,0
Treatment,19,29,2,0,-1
Treatment,19,30,4,1,0
Treatment,19,31,3,0,0
Treatment,19,32,4,1,0
Treatment,19,33,4,1,0
Treatment,19,34,4,1,0
Treatment,19,35,4,1,0
Treatment,19,36,1,0,-1
Treatment,19,37,4,1,0
Treatment,19,38,4,1,0
Treatment,19,39,4,1,0
Treatment,19,40,4,1,0
Treatment,19,41,4,0,0
Treatment,19,42,3,1,-1
Treatment,19,43,4,1,0
Treatment,19,44,4,1,-1
Treatment,19,45,2,0,-1
Treatment,19,46,4,1,0
Treatment,19,47,4,1,0
Treatment,19,48,4,1,0
Treatment,19,49,4,1,0
Treatment,19,50,1,0,-1
Treatment,19,51,1,0,-1
Treatment,19,52,3,1,0
Treatment,19,53,4,1,0
Treatment,19,54,4,1,0
Treatment,19,55,2,0,0
Treatment,19,56,4,1,0
Treatment,19,57,3,0,0
Treatment,19,58,4,1,0
Treatment,19,59,4,1,0
Treatment,19,60,4,1,0
Treatment,19,61,4,1,0
Treatment,19,62,2,0,-1
Treatment,19,63,4,1,0
Treatment,19,64,4,1,-1
Treatment,19,65,4,1,0
Treatment,19,66,3,0,-1
Treatment,19,67,4,1,0
Treatment,19,68,1,0,-1
Treatment,19,69,1,0,-1
Treatment,19,70,4,1,-1
Treatment,19,71,4,1,-1
Treatment,19,72,4,1,0
Treatment,19,73,2,0,-1
Treatment,19,74,2,0,-1
Treatment,19,75,4,1,0
Treatment,19,76,4,1,0
Treatment,19,77,2,0,0
Treatment,19,78,1,0,-1
Treatment,19,79,1,0,-1
Treatment,19,80,3,1,-1
Treatment,19,81,4,1,0
Treatment,19,82,4,1,0
Treatment,19,83,1,0,-1
Treatment,19,84,3,1,0
Treatment,19,85,4,1,0
Treatment,19,86,4,1,0
Treatment,19,87,3,1,-1
Treatment,19,88,3,1,-1
Treatment,19,89,2,0,0
Treatment,19,90,1,0,0
Treatment,19,91,2,0,-1
Treatment,19,92,2,0,-1
Treatment,19,93,3,1,0
Treatment,19,94,1,0,-1
Treatment,19,95,4,1,0
Treatment,19,96,2,0,0
Treatment,19,97,4,1,0
Treatment,19,98,3,1,0
Treatment,19,99,4,1,0
Treatment,19,100,3,1,0
Treatment,19,101,4,1,0
Treatment,19,102,4,1,0
Treatment,19,103,2,1,-1
Treatment,19,104,3,1,0
Treatment,19,105,3,1,-1
Treatment,19,106,3,1,0
Treatment,19,107,3,0,-1
Treatment,19,108,4,0,0
Treatment,19,109,3,1,0
Treatment,19,110,1,1,-1
Treatment,19,111,1,0,-1
Treatment,19,112,4,1,0
Treatment,19,113,3,1,0
Treatment,19,114,1,0,0
Treatment,19,115,4,1,0
Treatment,19,116,3,0,-1
Treatment,19,117,3,1,0
Treatment,19,118,3,1,-1
Treatment,19,119,3,1,0
Treatment,19,120,2,0,-1
Treatment,19,121,4,0,0
Treatment,19,122,4,1,-1
Treatment,19,123,3,1,0
Treatment,19,124,1,1,-1
Treatment,19,125,1,0,-1
Treatment,19,126,4,1,0
Treatment,19,127,3,1,0
Treatment,19,128,3,1,0
Treatment,19,129,3,0,0
Treatment,19,130,1,0,-1
Treatment,19,131,3,1,0
Treatment,19,132,3,1,0
Treatment,19,133,3,0,0
Treatment,19,134,3,1,0
Treatment,19,135,3,0,-1
Treatment,19,136,4,1,0
Treatment,19,137,4,1,0
Treatment,19,138,4,1,0
Treatment,19,139,2,0,-1
Treatment,19,140,3,1,0
Treatment,19,141,4,1,0
Treatment,19,142,3,1,0
Treatment,19,143,1,0,0
Treatment,19,144,3,0,-1
Treatment,19,145,4,1,0
Treatment,19,146,2,0,0
Treatment,19,147,4,1,0
Treatment,19,148,1,0,-1
Treatment,19,149,3,0,0
Treatment,19,150,2,0,-1
Treatment,19,151,3,1,0
Treatment,19,152,4,1,0
Treatment,19,153,4,1,0
Treatment,19,154,2,1,0
Treatment,19,155,2,1,-1
Treatment,19,156,1,1,-1
Treatment,19,157,4,0,0
Treatment,19,158,3,0,-1
Treatment,19,159,3,1,0
Treatment,19,160,4,1,-1
Treatment,19,161,4,1,0
Treatment,19,162,1,0,-1
Treatment,19,163,4,1,0
Treatment,19,164,2,0,0
Treatment,19,165,4,1,0
Treatment,19,166,2,0,0
Treatment,19,167,3,1,-1
Treatment,19,168,1,0,-1
Treatment,19,169,4,1,0
Treatment,19,170,4,1,0
Treatment,19,171,2,1,-1
Treatment,19,172,4,1,0
Treatment,19,173,4,1,0
Treatment,19,174,4,1,0
Treatment,19,175,4,1,0
Treatment,19,176,3,0,-1
Treatment,19,177,2,0,-1
Treatment,19,178,1,0,0
Treatment,19,179,4,1,0
Treatment,19,180,4,1,0
Treatment,19,181,4,1,0
Treatment,19,182,2,0,0
Treatment,19,183,4,1,0
Treatment,19,184,4,1,0
Treatment,19,185,4,1,0
Treatment,19,186,3,0,-1
Treatment,19,187,4,1,0
Treatment,19,188,4,1,0
Treatment,19,189,4,1,0
Treatment,19,190,1,1,-1
Treatment,19,191,4,1,0
Treatment,19,192,4,1,-1
Treatment,19,193,4,1,0
Treatment,19,194,4,1,0
Treatment,19,195,4,1,-1
Treatment,19,196,1,0,-1
Treatment,19,197,4,1,0
Treatment,19,198,4,1,0
Treatment,19,199,4,1,-1
Treatment,19,200,2,0,-1
Treatment,20,1,4,1,0
Treatment,20,2,4,1,-1
Treatment,20,3,2,0,-1
Treatment,20,4,4,1,0
Treatment,20,5,4,1,0
Treatment,20,6,4,1,0
Treatment,20,7,4,1,-1
Treatment,20,8,4,1,-1
Treatment,20,9,2,0,0
Treatment,20,10,3,0,-1
Treatment,20,11,4,1,0
Treatment,20,12,4,0,0
Treatment,20,13,1,0,-1
Treatment,20,14,4,1,0
Treatment,20,15,3,1,0
Treatment,20,16,4,1,0
Treatment,20,17,3,1,0
Treatment,20,18,4,1,0
Treatment,20,19,4,1,0
Treatment,20,20,1,0,-1
Treatment,20,21,4,1,0
Treatment,20,22,2,0,-1
Treatment,20,23,1,0,-1
Treatment,20,24,4,1,0
Treatment,20,25,4,0,0
Treatment,20,26,4,1,0
Treatment,20,27,2,0,0
Treatment,20,28,4,1,0
Treatment,20,29,4,1,0
Treatment,20,30,4,1,0
Treatment,20,31,3,1,0
Treatment,20,32,4,1,0
Treatment,20,33,4,1,0
Treatment,20,34,4,1,0
Treatment,20,35,4,1,0
Treatment,20,36,3,0,0
Treatment,20,37,1,1,-1
Treatment,20,38,4,1,-1
Treatment,20,39,2,0,0
Treatment,20,40,4,1,0
Treatment,20,41,4,1,0
Treatment,20,42,1,0,-1
Treatment,20,43,4,1,0
Treatment,20,44,2,1,0
Treatment,20,45,4,1,0
Treatment,20,46,3,0,0
Treatment,20,47,4,0,0
Treatment,20,48,3,1,-1
Treatment,20,49,4,1,0
Treatment,20,50,1,0,-1
Treatment,20,51,2,0,-1
Treatment,20,52,4,1,0
Treatment,20,53,3,1,0
Treatment,20,54,3,0,0
Treatment,20,55,3,1,-1
Treatment,20,56,4,1,0
Treatment,20,57,2,0,-1
Treatment,20,58,4,0,0
Treatment,20,59,1,1,-1
Treatment,20,60,4,1,0
Treatment,20,61,4,1,0
Treatment,20,62,4,1,0
Treatment,20,63,4,1,0
Treatment,20,64,1,0,-1
Treatment,20,65,4,1,0
Treatment,20,66,4,1,0
Treatment,20,67,4,1,0
Treatment,20,68,4,1,0
Treatment,20,69,4,1,0
Treatment,20,70,4,1,0
Treatment,20,71,4,0,0
Treatment,20,72,4,1,0
Treatment,20,73,4,1,0
Treatment,20,74,4,1,0
Treatment,20,75,1,0,-1
Treatment,20,76,4,1,0
Treatment,20,77,2,1,0
Treatment,20,78,2,0,0
Treatment,20,79,2,1,0
Treatment,20,80,2,0,-1
Treatment,20,81,1,0,-1
Treatment,20,82,4,1,0
Treatment,20,83,3,0,-1
Treatment,20,84,2,1,-1
Treatment,20,85,3,1,0
Treatment,20,86,2,0,0
Treatment,20,87,4,1,-1
Treatment,20,88,1,1,-1
Treatment,20,89,2,0,-1
Treatment,20,90,4,1,0
Treatment,20,91,4,1,0
Treatment,20,92,4,1,0
Treatment,20,93,4,0,0
Treatment,20,94,3,0,0
Treatment,20,95,1,0,-1
Treatment,20,96,4,1,0
Treatment,20,97,4,1,0
Treatment,20,98,4,1,0
Treatment,20,99,4,1,0
Treatment,20,100,4,1,0
Treatment,20,101,4,1,0
Treatment,20,102,4,1,0
Treatment,20,103,4,1,0
Treatment,20,104,4,1,0
Treatment,20,105,4,1,0
Treatment,20,106,4,1,0
Treatment,20,107,4,1,0
Treatment,20,108,4,1,0
Treatment,20,109,4,0,0
Treatment,20,110,4,1,0
Treatment,20,111,4,1,0
Treatment,20,112,4,1,0
Treatment,20,113,4,0,0
Treatment,20,114,4,0,0
Treatment,20,115,4,1,0
Treatment,20,116,4,1,-1
Treatment,20,117,3,1,0
Treatment,20,118,3,0,0
Treatment,20,119,1,0,-1
Treatment,20,120,3,0,-1
Treatment,20,121,4,1,0
Treatment,20,122,3,1,0
Treatment,20,123,3,0,0
Treatment,20,124,1,0,0
Treatment,20,125,1,0,-1
Treatment,20,126,4,1,0
Treatment,20,127,4,1,0
Treatment,20,128,4,1,0
Treatment,20,129,3,1,0
Treatment,20,130,2,1,0
Treatment,20,131,3,0,0
Treatment,20,132,4,1,-1
Treatment,20,133,2,0,-1
Treatment,20,134,3,0,0
Treatment,20,135,4,1,0
Treatment,20,136,3,1,0
Treatment,20,137,1,0,-1
Treatment,20,138,3,1,0
Treatment,20,139,3,1,-1
Treatment,20,140,3,1,-1
Treatment,20,141,4,1,0
Treatment,20,142,4,1,0
Treatment,20,143,4,0,0
Treatment,20,144,2,1,-1
Treatment,20,145,4,0,0
Treatment,20,146,4,0,0
Treatment,20,147,1,1,-1
Treatment,20,148,4,1,0
Treatment,20,149,4,1,0
Treatment,20,150,4,1,0
Treatment,20,151,3,1,0
Treatment,20,152,4,1,0
Treatment,20,153,2,0,-1
Treatment,20,154,4,1,0
Treatment,20,155,4,1,0
Treatment,20,156,4,1,0
Treatment,20,157,4,1,0
Treatment,20,158,4,1,0
Treatment,20,159,4,1,0
Treatment,20,160,1,0,-1
Treatment,20,161,3,1,0
Treatment,20,162,4,0,0
Treatment,20,163,3,1,0
Treatment,20,164,4,1,0
Treatment,20,165,4,1,0
Treatment,20,166,4,1,0
Treatment,20,167,4,1,0
Treatment,20,168,3,1,0
Treatment,20,169,4,0,0
Treatment,20,170,4,1,0
Treatment,20,171,4,1,0
Treatment,20,172,4,1,0
Treatment,20,173,4,1,0
Treatment,20,174,3,1,0
Treatment,20,175,3,0,-1
Treatment,20,176,4,0,0
Treatment,20,177,4,1,0
Treatment,20,178,4,1,0
Treatment,20,179,4,1,0
Treatment,20,180,4,1,0
Treatment,20,181,4,1,0
Treatment,20,182,3,1,0
Treatment,20,183,4,1,0
Treatment,20,184,4,1,0
Treatment,20,185,4,1,0
Treatment,20,186,4,0,0
Treatment,20,187,3,0,0
Treatment,20,188,4,1,0
Treatment,20,189,4,0,0
Treatment,20,190,3,1,-1
Treatment,20,191,4,1,0
Treatment,20,192,1,1,-1
Treatment,20,193,1,0,-1
Treatment,20,194,3,1,0
Treatment,20,195,4,1,0
Treatment,20,196,4,1,0
Treatment,20,197,4,1,0
Treatment,20,198,2,0,0
Treatment,20,199,2,1,0
Treatment,20,200,3,1,0
